Time,Altitude,Vertical Velocity,Horizontal Velocity,Total Velocity,Drag,Displacement,Engine Thrust,Vacuum Thrust,Air Temperature
3.639999998093117,93.74492853542324,3.750970345873469,0.017708542634494895,3.751012147155001,227.0290517244673,0.014244147030731813,8111056.5,10631500.0,313.3500061035156
3.799999998009298,94.23189676727634,4.548525702650668,0.01954948989587319,4.434077592916923,320.18337720847757,0.016433979203418197,8118659.0,10631500.0,313.3454284667969
3.9399999979359563,94.90406942600384,5.238478130483496,0.020906022269174446,5.238519355514587,460.9038384360345,0.019217071927408316,8127500.0,10631500.0,313.33990478515625
4.079999997862615,95.68927157169674,6.049232815014704,0.02123277993838159,6.049270142158919,632.8661937485765,0.022164426577723228,8137480.5,10631500.0,313.3334655761719
4.219999997789273,96.58829549339134,6.981833068680216,0.021323018367178474,6.8649611507777095,827.8636393840941,0.025113097061834913,8148496.5,10631500.0,313.32611083984375
4.359999997715931,97.60180729895364,7.685304904366523,0.022410730824455258,7.685337579699166,1039.9161654582072,0.027983679879841062,8158687.5,10631500.0,313.3177795410156
4.479999997653067,98.56216522573959,8.392452607392665,0.024619788481219332,8.392488719165298,1233.0551494183878,0.03041602957397563,8169500.0,10631500.0,313.30987548828125
4.599999997590203,99.6075833424693,9.103494174311411,0.027458096456751523,9.103535583979601,1437.1519610371295,0.032907018839360674,8180869.0,10631500.0,313.3013000488281
4.719999997527339,100.73853787744883,9.81859737842607,0.03048201528903387,9.818644694299278,1652.9179536118402,0.03555234427757167,8192728.0,10631500.0,313.2920227050781
4.839999997464474,101.9555235602893,10.537886771314152,0.03348105877264925,10.537939959324799,1881.812516924592,0.03843335503369625,8205010.0,10631500.0,313.2820129394531
4.95999999740161,103.25904742244165,11.261455144456846,0.03635508161676597,11.26151382641663,2124.9117433181254,0.04162239668456489,8217649.0,10631500.0,313.27130126953125
5.079999997338746,104.64962690148968,11.989373424824922,0.03910711274026256,11.989437204730043,2383.228543231366,0.04516489789428295,8230575.5,10631500.0,313.2598571777344
5.1999999972758815,106.12778641923796,12.7216939234841,0.041818511565774034,12.721762655808426,2657.7467791982526,0.049085376856472865,8245926.5,10631500.0,313.2476806640625
5.33999999720254,107.96370753936935,13.705031311817317,0.045466263893426034,13.581755099997443,2999.2968080743035,0.05416844971668034,8261462.5,10631500.0,313.2325744628906
5.479999997129198,109.92040587647352,14.571962491450465,0.04868302612488735,14.447823173318717,3364.625117201244,0.06066452555909311,8277070.5,10631500.0,313.2164611816406
5.6199999970558565,111.99873254366685,15.444971549392971,0.05191835159915042,15.319971167259306,3754.332067260222,0.0669447830700972,8292633.5,10631500.0,313.1993713378906
5.759999996982515,114.52398629614618,16.324031268700445,0.055204608446109756,16.324124613905138,4230.3113047245615,0.07377682331568124,8308034.5,10631500.0,313.1812438964844
5.899999996909173,116.86580238013994,17.209083025052937,0.058583360204143876,17.20918273984148,4673.858261550863,0.08116480008603036,8323154.5,10631500.0,313.1620788574219
6.0399999968358316,118.97195646644104,18.100040226509712,0.06202516239527691,18.100146500015956,5143.1192887104535,0.08910801803060914,8337870.5,10631500.0,313.1419372558594
6.17999999676249,121.92308628396131,18.99678053849911,0.06563374547023654,18.996893920229247,5638.295147630931,0.09761215571142323,8352061.5,10631500.0,313.1207275390625
6.319999996689148,124.64017444918863,19.899146161683166,0.06988268612872038,19.899267035010563,6159.674150911251,0.10669100485395577,8367475.0,10631500.0,313.09521484375
6.459999996615807,127.06990053376649,20.67693804605163,0.07248873192216626,20.67706511032243,6627.490231819096,0.11492320427619761,8376593.5,10631500.0,313.0751647949219
6.579999996552942,129.59316533920355,21.458584655847048,0.07560056906822188,21.458717829315848,7114.618377310454,0.12356085235379152,8386933.0,10631500.0,313.0543212890625
6.679999996500555,131.76766857504845,22.112787491163402,0.07826239951852382,22.11292598532657,7535.22969262013,0.13107050835246384,8394995.0,10631500.0,313.036376953125
6.799999996437691,134.46358728257474,22.901071181028748,0.08156874084757776,22.90121644581416,8053.65541532772,0.14046513969158123,8403932.0,10631500.0,313.01409912109375
6.919999996374827,137.25427815818693,23.692683053550255,0.08482436131520023,23.692834896826085,8584.068058976225,0.15027597513054322,8411986.0,10631500.0,312.99102783203125
7.039999996311963,140.14012814604212,24.620131390072103,0.08863594049385798,24.48755287325097,9127.10955558153,0.16049655540285881,8420160.0,10631500.0,312.9671936035156
7.179999996238621,143.62770154199097,25.41816188542911,0.092039046185241,25.418328521362373,9777.67029511899,0.1729470096455883,8426023.0,10631500.0,312.9383850097656
7.299999996175757,146.72092613647692,26.218778784188082,0.09544764846470259,26.218952518889623,10351.235168935324,0.18407178671062674,8430747.0,10631500.0,312.91278076171875
7.419999996112892,149.9103484887164,27.02170853775843,0.09902575158471892,27.02188998569574,10940.76209950686,0.1956311813611178,8434248.0,10631500.0,312.8863830566406
7.539999996050028,153.19623295590281,27.82666994578104,0.10265305803009893,27.826859289574106,11546.546341101923,0.20764054352707495,8436447.0,10631500.0,312.85919189453125
7.659999995987164,156.5788068965776,28.633255701794887,0.10632215965154926,28.633453100979672,12169.36524954918,0.22009792241239295,8435978.0,10631500.0,312.8311767578125
7.7799999959243,160.05822192295454,29.440737595847402,0.11005557417696381,29.44094330039291,12808.864325083014,0.23301995836255326,8433404.0,10631500.0,312.8023376464844
7.899999995861435,163.6345751003828,30.248987055643326,0.113674431888428,30.24920064677648,13464.829705413149,0.24639341450020588,8430681.0,10631500.0,312.772705078125
8.019999995798571,167.30795931478497,31.05797174407517,0.11747330400663557,31.058193908096555,14137.867378172774,0.26022757433976107,8427808.0,10631500.0,312.7422180175781
8.139999995735707,171.07846200140193,31.867649991498446,0.12145982981048672,31.867881455642898,14827.865110788973,0.27455037216553885,8424789.0,10631500.0,312.7109680175781
8.259999995672842,174.94616007909644,32.67798374085133,0.1255262680393732,32.67822483262076,15534.89333095374,0.28936584671791815,8421623.0,10631500.0,312.6788635253906
8.379999995609978,178.91113132773899,33.488939121052,0.12964950776456968,33.489190083493966,16259.095114517642,0.3046790462875093,8418315.0,10631500.0,312.64593505859375
8.499999995547114,182.97345181403216,34.300472362306174,0.1339271048164017,34.300733822277536,17000.349446442713,0.3205145239812172,8414865.0,10631500.0,312.6121826171875
8.61999999548425,187.1331840105122,35.112549375046456,0.1382513256795045,35.11282154774987,17758.098518702653,0.33686986315509726,8411276.0,10631500.0,312.57757568359375
8.747897944704164,191.5887086999137,35.978634280829795,0.14300773198772077,35.97891849298849,18556.0068975094,0.35489510674454106,8407359.0,10631500.0,312.54052734375
8.891928706405452,196.7301295415964,36.95461366323706,0.1490879465398475,36.954914398695486,19493.896046695165,0.3759785196003575,8402769.0,10631500.0,312.4977722167969
9.025742182973772,202.68370846798643,38.05449072928477,0.15628419245486905,38.05481164601964,20573.722988895184,0.400849865029729,8397376.0,10631500.0,312.44818115234375
9.025742182973772,203.76475322642364,38.05449072928477,0.15628419245486905,38.05481164601964,20573.722988895184,0.400849865029729,8397376.0,10631500.0,312.44818115234375
9.025742182973772,203.76475322642364,38.05449072928477,0.15628419245486905,38.05481164601964,20573.722988895184,0.400849865029729,8397376.0,10631500.0,312.44818115234375
9.025742182973772,203.76475322642364,38.05449072928477,0.15628419245486905,38.05481164601964,20573.722988895184,0.400849865029729,8397376.0,10631500.0,312.44818115234375
9.025742182973772,203.76475322642364,38.05449072928477,0.15628419245486905,38.05481164601964,20573.722988895184,0.400849865029729,8397376.0,10631500.0,312.44818115234375
9.025742182973772,203.76475322642364,38.05449072928477,0.15628419245486905,38.05481164601964,20573.722988895184,0.400849865029729,8397376.0,10631500.0,312.44818115234375
9.025742182973772,203.76475322642364,38.05449072928477,0.15628419245486905,38.05481164601964,20573.722988895184,0.400849865029729,8397376.0,10631500.0,312.44818115234375
9.025742182973772,203.76475322642364,38.05449072928477,0.15628419245486905,38.05481164601964,20573.722988895184,0.400849865029729,8397376.0,10631500.0,312.44818115234375
9.025742182973772,203.76475322642364,38.05449072928477,0.15628419245486905,38.05481164601964,20573.722988895184,0.400849865029729,8397376.0,10631500.0,312.44818115234375
9.025742182973772,203.76475322642364,38.05449072928477,0.15628419245486905,38.05481164601964,20573.722988895184,0.400849865029729,8397376.0,10631500.0,312.44818115234375
9.025742182973772,203.76475322642364,38.05449072928477,0.15628419245486905,38.05481164601964,20573.722988895184,0.400849865029729,8397376.0,10631500.0,312.44818115234375
9.025742182973772,203.76475322642364,38.05449072928477,0.15628419245486905,38.05481164601964,20573.722988895184,0.400849865029729,8397376.0,10631500.0,312.44818115234375
9.225742183014518,208.3995060607558,39.14016832809287,0.16473341774281886,39.140514992145484,21523.210362423426,0.4266383922017539,8392058.0,10631500.0,312.4005432128906
9.465742183063412,217.96220463211648,40.76991259506643,0.17748050081360392,40.77029889929096,23402.52375774666,0.4681914731801304,8383201.5,10631500.0,312.3207702636719
9.705742183112307,227.9161946780514,42.400733681115184,0.17856071228541817,42.40110966265892,25123.84238813911,0.5109231774110683,8373839.0,10631500.0,312.23760986328125
9.945742183161201,238.26164879731368,44.03226885938219,0.18803405409776608,44.03267034498838,27016.836382204485,0.5549271841166297,8363989.0,10631500.0,312.151123046875
10.145742183201946,247.18203182145953,45.39230445968437,0.19578237237006954,45.392726673972916,28597.18752490585,0.5935193179264731,8355417.0,10631500.0,312.076416015625
10.38574218325084,258.24555914627854,47.02457755764718,0.20403634559289088,47.025020205264106,30561.476687097136,0.6415782616320674,8344706.5,10631500.0,311.98370361328125
10.625742183299735,269.7008471421432,48.65682587132451,0.21455039389271033,48.65729889486174,32608.940181074406,0.6919753347913762,8333549.0,10631500.0,311.8875732421875
10.86574218334863,281.5478023496689,50.288200138899924,0.2249778743142866,50.288703386088464,34781.00367345069,0.7448606190142898,8321957.5,10631500.0,311.7879943847656
11.065742183389375,291.719311925699,51.647342698121065,0.23359832319655402,51.64787097212972,36658.44936453352,0.7908355175436413,8311976.0,10631500.0,311.7023620605469
11.322949214634718,304.9343437642092,53.39523482803382,0.24393615760059686,53.39579203635677,39042.83563198419,0.8523444549167758,8298942.5,10631500.0,311.59100341796875
11.664941402181285,322.49609606864396,55.7178838884727,0.26404984044704577,55.71850955766464,42131.899018733915,0.9395208796684213,8281474.0,10631500.0,311.4427185058594
12.094726558425464,346.0698770044837,58.633444028063906,0.28449763414893386,58.63413423506771,46688.29048137341,1.0586343974323842,8258152.5,10631500.0,311.2431945800781
12.57472655834863,374.8762905864278,61.88413189509855,0.3066727018711713,61.88489176330541,51944.506384491855,1.19996932741571,8230040.0,10631500.0,310.9986267089844
13.054726558271796,405.2414736119099,65.12679045054512,0.3290716505914032,65.12762180934014,57387.624128045616,1.3530194598589087,8200633.0,10631500.0,310.739990234375
13.534726558194961,437.16121741291136,68.35950745906929,0.35493310603243433,68.36042888657376,63056.2020490044,1.516926439326305,8170044.0,10631500.0,310.4671325683594
14.014726558118127,470.630462979665,71.5808914474047,0.3743893822801714,71.58187052469849,69029.65250170654,1.6923836224410107,8138376.0,10631500.0,310.1799621582031
14.494726558041293,505.64342752459925,74.7895312415479,0.3951609363047684,74.79057517826729,75102.06511256883,1.8764275557529253,8105732.0,10631500.0,309.8783874511719
14.974726557964459,542.1937890747795,77.98415683128539,0.4195273684186352,77.98528527805337,81438.44959752478,2.07156575739766,8072211.0,10631500.0,309.56231689453125
15.454726557887625,580.2745834270027,81.16345240054021,0.4397887419664887,81.16464390183891,88117.01173917046,2.2780487121899253,8037910.0,10631500.0,309.2316589355469
15.93472655781079,619.8781082741916,84.32625464766132,0.4507435947826367,84.32745930413449,94914.61786950263,2.4912033161983835,8002920.5,10631500.0,308.8863830566406
16.414726557733957,660.9963201690698,87.47162730431545,0.46029094327537057,87.4728383615024,101828.71558243001,2.7093860296445764,7967333.5,10631500.0,308.52630615234375
16.894726557657123,703.6206662576878,90.59871918471947,0.46738953299198166,90.5999247841145,108790.50067523684,2.931304617599776,7931236.5,10631500.0,308.1514587402344
17.37472655758029,747.7422068895539,93.7067440457597,0.4737609741345938,93.7079416544731,115884.96245397453,3.156778870054213,7894712.0,10631500.0,307.76165771484375
17.854726557503454,793.3516508440953,96.79498422149554,0.4777437067356996,96.79616319611483,123024.32901623943,3.3843877222175194,7857841.5,10631500.0,307.35687255859375
18.33472655742662,840.4392994029913,99.86240671209286,0.5365940245317035,99.86384835103549,130937.32729253136,3.62295943145238,7820699.5,10631500.0,306.9369812011719
18.814726557349786,888.9947038679384,102.90569405669724,0.503326846464118,102.90692497205883,141893.65053895564,3.8813794707712583,7783361.5,10631500.0,306.50201416015625
19.294726557272952,939.0059057072503,105.92586906096048,0.42192766611509913,105.92670937622474,149187.60672073398,4.0932093545427986,7745896.0,10631500.0,306.05181884765625
19.774726557196118,990.4625927145826,108.92441617226413,0.3727607560211206,108.92505400067436,157196.82303380314,4.284983734392809,7708370.0,10631500.0,305.58636474609375
20.254726557119284,1043.3540890838485,111.90132284585854,0.3268137759577904,111.90180008336425,163568.877650633,4.447495152093235,7670847.5,10631500.0,305.10552978515625
20.73472655704245,1097.6701275018277,114.8559429521355,0.35257195784812784,114.85646512836793,172398.6082001732,4.604145818239596,7627156.5,10631500.0,304.60931396484375
21.29472655695281,1162.8235855695093,118.26738790050221,0.2012141405294187,118.2675590681494,185877.22297376895,4.767276128483723,7589846.5,10631500.0,304.0108642578125
21.774726556875976,1220.1838969729142,121.16618834933429,0.08352355185735917,121.16621713699767,192516.2381994853,4.821287395146871,7552720.0,10631500.0,303.4811096191406
22.174726556811947,1269.0442877443274,123.56494548565344,0.06613055424983162,123.56496318181263,198553.59093362917,4.827386231769798,7521958.5,10631500.0,303.02777099609375
22.654726556735113,1328.9395475859055,126.42432883852008,0.15607395009198596,126.42442517705254,204014.2159910204,4.781012100566002,7485301.0,10631500.0,302.4693908691406
23.054726556671085,1379.8978773722192,128.7909070030379,0.18258965728263105,128.79103643362802,210575.20352964816,4.714719799940842,7454998.0,10631500.0,301.99212646484375
23.53472655659425,1442.2928954971721,132.06851795901298,0.3640317902516846,131.60402010721535,225059.32967174854,4.619042885556293,7412997.0,10631500.0,301.4050598144531
24.09472655650461,1516.7838892062427,134.8496255024936,0.633768160814288,134.85100469895383,232383.09466381458,4.35017770078569,7371549.5,10631500.0,300.7002258300781
24.65472655641497,1593.0871445848607,138.52828863931404,0.8718728730958183,138.07287357730445,239595.35463195716,3.9600434266877054,7330717.0,10631500.0,299.97393798828125
25.21472655632533,1671.1879042856162,141.26571736715698,0.9131263570987921,141.2686685114626,250017.53982438354,3.485413644805809,7296249.5,10631500.0,299.22613525390625
25.694726556248497,1739.5476345691131,143.96380254698624,1.2944247100895816,143.9696217231876,261963.47620803837,2.9859015364232344,7262309.5,10631500.0,298.5679931640625
26.174726556171663,1809.1989892713027,146.64967947564418,1.53420283391395,146.65770442988926,265906.231891904,2.3544280571001694,7228929.0,10631500.0,297.89404296875
26.65472655609483,1880.135641008732,149.3145486437981,1.829854383523517,149.32576068370136,270534.13449189655,1.6735380962917248,7196135.0,10631500.0,297.2041931152344
27.134726556017995,1952.3487667344743,151.96783518066587,1.9434354388090815,151.98026145129126,276655.64575272874,1.1394259881955349,7163959.0,10631500.0,296.49847412109375
27.61472655594116,2025.8296367968433,154.58328471399517,2.3185966132837335,154.6006720658847,292824.92999281554,1.2629357377326358,7132426.5,10631500.0,295.7767639160156
28.094726555864327,2100.5600057379343,157.1810600920281,2.6925168336422365,157.20411985235373,295185.94547293097,2.165989839347589,7101561.5,10631500.0,295.0392150878906
28.574726555787493,2176.5353302536532,159.76424761153686,3.0462119217804906,159.79328591011844,300352.24535454693,3.4307830565613155,7071388.0,10631500.0,294.2857971191406
29.05472655571066,2253.7480571758933,162.3390095759888,3.244575588908898,162.3714300634971,304115.9435247466,4.905198492125769,7041926.5,10631500.0,293.5163879394531
29.534726555633824,2332.191870421404,164.87668511437744,3.6763256389538688,164.91766632022538,322079.22218829906,6.5192619113477726,7013200.0,10631500.0,292.7311096191406
30.01472655555699,2411.8466864922084,167.3965757729612,4.148608287005502,167.44797559609896,322703.97975526523,8.404193923163623,6985227.0,10631500.0,291.92999267578125
30.494726555480156,2492.7110280722845,169.9078568197668,4.572226153967014,169.9693650664419,327412.5675129762,10.483549382921668,6958025.0,10631500.0,291.1130065917969
30.974726555403322,2574.778628401691,172.4154323567537,4.841210965722812,172.4833865576072,329835.61291385046,12.753366948407827,6931614.0,10631500.0,290.2801513671875
31.454726555326488,2658.0457690793555,174.8846249938505,5.35240140294698,174.9665118244574,349430.44295661786,15.171777024313409,6906010.0,10631500.0,289.43145751953125
31.934726555249654,2742.4904332569567,177.3379438084626,5.916834166994421,177.4366231666201,348671.88997311733,17.89915885765466,6881227.0,10631500.0,288.5670471191406
32.41472655517282,2828.11468224728,179.7924934275702,6.351553046874091,179.90464952026707,354486.0938038451,20.84290400301928,6857282.0,10631500.0,287.6868896484375
32.894726555095986,2914.913983512437,182.2287148923353,6.8687553414951,182.3581211003594,362388.51547462353,24.011134760462205,6834190.0,10631500.0,286.791015625
33.37472655501915,3002.878111307975,184.6466913319574,7.573430770918622,184.79808618949787,365978.4036209699,27.46097925133973,6808344.5,10631500.0,285.8794860839844
33.93472655492951,3106.9708307054825,187.4743245486081,7.9864297566327265,187.64435889526354,371422.3113997865,31.8019084999516,6787147.5,10631500.0,284.79638671875
34.41472655485268,3197.448347735917,189.86089643150095,8.683810474222673,190.05938166300908,383635.81067471206,35.793387386473015,6766846.0,10631500.0,283.8511047363281
34.89472655477584,3289.0687830090756,192.24790091920718,9.326317191756562,192.47398681432915,383125.16164764896,40.125534869766085,6747452.0,10631500.0,282.89044189453125
35.37472655469901,3381.836938025197,194.64232688780248,9.83378302256026,194.89058136511613,388693.41556738643,44.72499967015569,6728980.0,10631500.0,281.9143981933594
35.854726554622175,3475.750057716621,197.0041583746942,10.576214711710618,197.28784740715736,400445.15378606383,49.61042063706086,6711442.0,10631500.0,280.9229736328125
36.33472655454534,3570.793442698545,199.363508804067,11.318386673624714,199.68453750744695,399631.6937713683,54.87223922672155,6694850.5,10631500.0,279.9164123535156
36.73472655448131,3650.863960287301,201.7397956628063,11.883600713363963,201.68886927714686,402282.99383476184,60.43710371636706,6679218.0,10631500.0,279.06610107421875
37.37472655437887,3780.6172985957237,204.8592450046532,13.01033453593954,204.87432134774727,415659.49335888895,68.3800068986368,6659888.5,10631500.0,277.6837463378906
37.93472655428923,3895.7897971960483,207.60483286329676,13.90184317718174,207.66960443196677,413803.99427075963,75.90428476708175,6644415.5,10631500.0,276.4525451660156
38.49472655419959,4012.503690934158,210.37076537711198,14.620560385415862,210.87821061298743,423905.409430064,83.86695228922483,6628407.0,10631500.0,275.201171875
39.13472655409714,4147.771964126616,213.46469635149995,15.959225562689134,213.6602403742904,430266.0505182886,93.64837143253047,6615888.5,10631500.0,273.7466125488281
39.7747265539947,4285.033886983059,216.6112396452037,16.97946347783474,216.87448227489654,435771.71476784325,102.79664827084052,6603313.0,10631500.0,272.2664489746094
40.25472655391786,4406.783038640395,218.94636872773438,18.14075815816059,219.68423872212963,438391.31677313626,112.52345182225295,6602543.0,10631500.0,270.9504699707031
40.97472655380261,4547.810937291244,222.9396260157573,19.53107219450174,223.37655079969065,434618.9361215992,125.92961972051816,6629943.0,10631500.0,269.4229431152344
41.614726553700166,4690.90531940246,225.41514692539312,20.198158210099905,226.31825834094073,449836.26094223163,136.95511462895516,6648676.0,10631500.0,267.8701477050781
42.09472655362333,4799.596403396456,227.82534391485677,21.68575291157548,228.83840258975485,459747.799181256,146.93773938238309,6670991.5,10631500.0,266.6890869140625
42.65472655353369,4927.89252332598,230.75892273505744,22.787370873727813,231.86334971882206,462489.656618752,159.23898174973638,6693791.0,10631500.0,265.2936096191406
43.13472655345686,5039.168822314823,233.69846968930244,24.019311445844227,234.48635316806946,463338.96380195545,170.34092254421972,6713711.5,10631500.0,264.08233642578125
43.69472655336722,5170.535811185604,236.28869521451682,25.31694146059289,237.620167445069,460623.54749948863,183.98143389562608,6737380.5,10631500.0,262.65167236328125
44.25472655327758,5303.610347134178,239.83738425309582,26.392167436858518,240.82407854875623,466098.9009154492,198.29776528893598,6761504.0,10631500.0,261.20208740234375
44.734726553200744,5419.0556060948875,242.4449486846511,27.888017444012267,244.04363269641075,481116.89974652475,213.35784000688304,6782532.5,10631500.0,259.94464111328125
45.3747265530983,5574.956527396804,245.6096114291406,29.321417871979357,247.3536471782793,474159.7069482321,229.2923120823367,6807461.5,10631500.0,258.2472229003906
45.854726553021464,5693.4120200811885,248.3947676589597,30.593907693534668,250.25322568766745,469451.3497443783,243.57318234811348,6832808.5,10631500.0,256.95849609375
46.414726552931825,5833.312116918969,251.63188331625437,32.055433672792276,253.66544015540595,494668.05841795204,260.9177363824687,6854858.0,10631500.0,255.4380340576172
46.89472655285499,5954.665720967227,254.46086968398293,33.421489837953324,256.64631340293465,488773.0856620185,276.5638696171803,6877193.0,10631500.0,254.12094116210938
47.37472655277816,6077.391609072336,257.3122278143024,35.179722672093604,259.6700450121205,497509.5073981534,292.8420935728006,6903601.0,10631500.0,252.79100036621094
47.85472655270132,6201.491225956124,260.7181640243042,36.615828070258644,262.7560348047624,487992.0786689387,312.75282415412573,6926527.0,10631500.0,251.4486846923828
48.41472655261168,6348.0678075006,264.2241108262879,38.145032713140786,266.4342014007348,496075.20372712426,330.506100028184,6953598.5,10631500.0,249.86697387695312
48.97472655252204,6496.5972672614735,267.67997757224214,40.197900688470014,270.14373285034446,506521.5266042132,355.3161530041081,6981005.0,10631500.0,248.2689666748047
49.5347265524324,6647.087735753274,270.7699174500474,41.62709598505814,273.9510235718325,506863.0581642974,374.8042103841927,7004749.0,10631500.0,246.65538024902344
50.01472655235557,6777.680878959247,273.8262337674601,43.43338779527744,277.2494643360861,512057.3300238175,395.0600457060906,7028715.5,10631500.0,245.2602081298828
50.494726552278735,6909.7574494029395,276.9927724394608,45.24001468646039,280.6231266945541,511184.7414934189,416.1273815464004,7056940.5,10631500.0,243.85443115234375
51.054726552189095,7065.7745440790895,280.66757176679533,47.126303128410626,284.59651137710745,531554.240188365,441.68411700479413,7081348.0,10631500.0,242.20127868652344
51.53472655211226,7201.150662404718,283.9104648397689,48.759526742087004,288.0670815862964,540031.404267662,464.5140510393069,7105940.0,10631500.0,240.77389526367188
52.01472655203543,7338.082824722747,287.64050455029906,51.07435474442423,291.5535062188019,562367.1578206333,488.1722169184916,7134845.0,10631500.0,239.33734130859375
52.57472655194579,7499.793291724636,291.5067312052686,53.10064483144772,295.70627061196876,568926.4188449054,516.913437258677,7163961.0,10631500.0,237.65089416503906
53.13472655185615,7663.656532739755,295.32351096715547,55.577460012075385,299.89829780899686,576063.1464340667,546.883823438412,7193265.5,10631500.0,235.95391845703125
53.69472655176651,7829.693510807818,298.7515113550409,57.34397581339272,304.2051891388576,581606.5400731323,578.100417848317,7218516.5,10631500.0,234.24758911132812
54.17472655168967,7973.775428832741,302.6615783581817,59.98618446731987,307.9204833185958,585522.814543019,605.8956119877344,7248110.5,10631500.0,232.77830505371094
54.73472655160003,8143.936537899077,306.77077692355226,62.26459867680642,312.3829512284062,572537.722771913,644.5050971425111,7277825.0,10631500.0,231.05760192871094
55.294726551510394,8316.391192065901,310.8367482535731,65.01160508435026,317.56258101435486,566990.9663432201,679.7715929810844,7307637.0,10631500.0,229.33071899414062
55.854726551420754,8491.155654570437,315.1071348648098,67.41377321139076,322.2376813181634,561917.4329946963,716.442956153522,7337516.0,10631500.0,227.59922790527344
56.414726551331114,8668.300825637998,319.29966748599116,70.35833572707436,326.277340137369,565663.9078584464,754.5893707718363,7367439.5,10631500.0,225.8643035888672
57.05472655122867,8873.6758093799,323.70876701048303,72.92367574719187,331.82107878181694,558700.0552400311,794.2442658611926,7397374.5,10631500.0,224.3516845703125
57.534726551151834,9029.809049564763,327.39982997883135,75.5993774477663,336.01475345683485,566653.4829808087,829.469294117563,7423003.0,10631500.0,224.11109924316406
58.014726551075,9187.738481196924,331.26548131679107,78.34190448845918,340.3166538818987,551484.4755405502,865.8982554389399,7452823.5,10631500.0,223.86703491210938
58.57472655098536,9401.202315103612,336.35412266833794,81.59583139651215,346.1097738251195,569430.3528862621,916.2866031419479,7482529.5,10631500.0,223.53648376464844
59.13472655089572,9563.457302119117,340.3316799081274,84.51731163556337,350.56399252595065,565372.8207954597,955.5446259788823,7512087.5,10631500.0,223.28512573242188
59.69472655080608,9755.146963659325,344.85776056675786,88.01118599098305,355.7966682021346,566986.5472330634,1002.9704733633566,7541469.5,10631500.0,222.98849487304688
60.334726550703635,9977.401073946967,350.3181616258173,91.056037469481,361.95858371440204,568004.1083985177,1059.3430473837323,7570637.5,10631500.0,222.6456298828125
60.8147265506268,10146.356180947274,354.96617399280075,94.76518641131473,366.6087652113522,562735.580631158,1103.2292636286268,7599563.5,10631500.0,222.38621520996094
61.37472655053716,10345.94440035813,359.19446175172556,97.51475503930827,372.1959011105417,555624.5772351894,1156.171649374244,7624133.0,10631500.0,222.08163452148438
61.85472655046033,10519.19029048842,363.27349287183625,101.39871749387484,377.01144783570106,559570.4781234496,1203.094484771565,7652513.0,10631500.0,221.81932067871094
62.41472655037069,10723.831011196482,368.2969000726566,104.32838907387018,382.7884786273971,538746.2731133674,1259.7229889801397,7676565.0,10631500.0,221.512451171875
62.89472655029385,10901.477403464261,373.21383654550345,108.34673071595999,387.7818644734533,549120.0086708461,1309.848155901789,7704278.0,10631500.0,221.2491455078125
63.454726550204214,11111.318642624654,378.380885767966,112.00709627107004,393.75113690916965,534443.5276114467,1370.3083931072463,7731576.5,10631500.0,220.94236755371094
64.01472655011457,11324.021343910252,382.6456665134642,116.33363779438298,399.7702892513234,533029.4640127869,1432.9233892411155,7758424.5,10631500.0,220.63673400878906
64.57472655002493,11539.58945560595,388.71175490107174,120.15484009507024,406.8587150308357,525754.7488902116,1507.1855148003076,7784778.5,10631500.0,220.33316040039062
65.21472654992249,11789.542235324625,393.8292065788962,124.7311057098511,413.10929871665314,511784.3840776585,1574.6526786340248,7810600.5,10631500.0,219.98988342285156
65.69472654984565,12011.404662839603,399.2989989096311,128.79534169152888,419.5568263914571,491948.61589609465,1644.4541348924424,7835848.0,10631500.0,219.69386291503906
66.25472654975601,12204.002874866128,404.59144987236925,133.50312026402491,425.1158032520371,506051.9128550584,1706.139082897422,7860484.5,10631500.0,219.4441375732422
66.81472654966637,12431.474272208405,410.14261550415074,137.88499766751372,431.74382684292806,487011.44344887347,1791.264363731863,7884463.0,10631500.0,219.1586151123047
67.37472654957674,12662.023076835088,415.5022970688228,142.94029314006497,438.43107829413776,483470.2349567772,1868.498496938593,7907744.0,10631500.0,218.8804168701172
67.9347265494871,12895.642121710698,421.23344421097954,147.4574588392216,445.30928185235956,466800.1470374379,1936.7424021961087,7930278.5,10631500.0,218.6109161376953
68.41472654941026,13098.401998690562,425.08757523762586,151.33087027225073,451.22109759934875,469534.9049460433,2006.9445640635981,7945897.5,10631500.0,218.38783264160156
69.05472654930782,13372.307798221475,432.516919893908,157.6335562305706,459.32549252945705,445076.80421610887,2103.7199438301964,7972945.0,10631500.0,218.10350036621094
69.61472654921818,13615.425677967141,438.1412001834059,163.1227288349166,466.4866527024663,443633.46832489845,2191.370990160089,7992991.0,10631500.0,217.86859130859375
70.09472654914134,13826.340186874033,443.0612626273374,167.83275239245293,472.73385900829913,424884.2368780932,2281.9784215608806,8004129.5,10631500.0,217.678955078125
70.57472654906451,14075.432212994085,449.06335902536176,172.99647008439044,480.1660493797833,408150.311445672,2361.9347769352,8009504.0,10631500.0,217.4728546142578
71.13472654897487,14327.82328871102,454.69255359681034,179.03707036599312,487.5965439760875,409522.249393701,2458.0076651489885,8009581.0,10631500.0,217.28482055664062
71.69472654888523,14583.438133075833,459.8813407394867,184.4703779231588,495.19861913602443,387664.4182964719,2557.1986299809155,8000534.5,10631500.0,217.11688232421875
72.41472654876998,14879.633689138107,467.21252361985995,191.56396527295303,504.95969642966094,386107.1213184911,2689.32495379209,7972135.0,10631500.0,216.95217895507812
73.05472654866753,15180.013097046874,473.9591118711699,198.2959652537889,512.6646511344248,362697.24099708453,2811.3258726629606,7941102.0,10631500.0,216.81968688964844
73.61472654857789,15446.361856132979,479.6944751546729,204.56813704340726,520.3862783977868,355923.49030727235,2921.585131616511,7914104.5,10631500.0,216.7328643798828
74.17472654848825,15754.71357202495,485.45420453794645,210.85946314813035,529.2707226955673,347058.8142399817,3035.2055607792795,7887234.5,10631500.0,216.67576599121094
74.73472654839861,16027.938264053548,491.1403773612726,217.34735292944725,537.0835522523577,329922.11557647324,3152.3053019975064,7860476.0,10631500.0,216.65087890625
75.29472654830897,16304.385133719421,496.87300293662923,223.82311448137938,544.9583173265715,324952.87922672404,3272.84497005263,7833816.0,10631500.0,216.9161834716797
75.85472654821933,16543.846298169345,502.46980377090273,230.58539827633314,551.7176642929419,312057.7823306213,3379.038361122743,7807240.0,10631500.0,217.2628936767578
76.41472654812969,16826.168065520586,508.15102447062077,237.2741718346589,560.8177032604843,304706.195559083,3524.705293362009,7780736.0,10631500.0,217.61349487304688
76.89472654805286,17070.652252085623,512.8639482384988,243.29931489864413,566.5032368991369,296073.83814794465,3637.1379900271027,7758065.5,10631500.0,217.9170684814453
77.45472654796322,17358.76533381187,518.3912197285977,250.34792806488872,574.5273759452778,279239.0018300836,3771.781755412768,7731658.0,10631500.0,218.27479553222656
78.01472654787358,17650.005975818727,523.3577934240562,257.05888544453336,582.6494058807343,271078.999787344,3890.1310842011976,7705284.0,10631500.0,218.6363525390625
78.57472654778394,17944.409028279013,528.7004765696232,264.5613524121597,590.7168764558373,277937.67346505146,4031.7002313802845,7678931.0,10631500.0,219.00180053710938
79.2147265476815,18284.52389701968,535.6578242153894,272.9364990855234,600.0246263478483,267453.74502062163,4198.356039279418,7648818.0,10631500.0,219.4239501953125
79.77472654759185,18585.36480134586,541.0135722945901,280.4229463337847,608.1990280668084,261458.7231520406,4370.182835283626,7622462.5,10631500.0,219.7972869873047
80.33472654750221,18889.18691908708,546.2844883375905,288.06976986694434,616.4086679448218,256070.51794010538,4524.8613147835395,7596091.0,10631500.0,220.17428588867188
80.89472654741257,19195.975322441896,551.5445244902229,295.76955005849965,625.8442212219854,252825.7402853945,4683.6082349196595,7569691.5,10631500.0,220.554931640625
81.45472654732293,19505.66158562107,556.6677972129687,303.6907866881692,632.9303094651181,245200.52228397928,4823.024038489478,7543255.0,10631500.0,220.93911743164062
81.9347265472461,19818.254139100667,561.1306664318829,310.41911512836276,641.270342248388,242015.4338788215,4989.538267209264,7516777.5,10631500.0,221.3268585205078
82.65472654713085,20178.985771661624,567.4454098714978,321.0407226894614,650.7775237827219,237267.54955838528,5209.95033337924,7486453.0,10631500.0,221.7742462158203
83.21472654704121,20497.58204341377,572.6161688891449,329.0247946144339,660.4139552919457,224282.01252813672,5386.352791298292,7459857.0,10631500.0,222.16934204101562
83.85472654693876,20865.205082011526,578.0792500083104,338.73115044828256,670.0107548197922,226411.5702863464,5593.25987906463,7429386.0,10631500.0,222.6251678466797
84.41472654684912,21189.717529595597,582.2791063291171,345.9230568760705,677.2825990278507,216992.7033659229,5752.330754056957,7402650.0,10631500.0,223.02748107910156
84.97472654675948,21516.95773355232,587.701587142789,355.76325644188597,685.7798389905291,212858.81103149027,5969.550712948137,7375839.0,10631500.0,223.43312072753906
85.53472654666984,21846.847596987966,592.4154505276488,364.44322707230964,694.3207755310924,207770.78642346035,6164.519972317987,7348947.0,10631500.0,223.8419952392578
86.0947265465802,22179.32753922243,596.97326556997,373.32824358752487,702.8667259301152,201070.89785923914,6335.359064780108,7321964.5,10631500.0,224.2540283203125
86.65472654649056,22514.396897146595,600.940148803123,382.20717284124527,711.4893313811913,197110.9105519097,6538.986047368448,7294885.5,10631500.0,224.66921997070312
87.37472654637531,22948.870875847526,606.5813182146026,392.6379199742136,722.5686346698436,188133.7017832968,6807.8175186319195,7263812.0,10631500.0,225.20750427246094
87.85472654629848,23240.799532226287,611.0519574970277,401.71443253672635,730.027782518021,182994.81036887038,6991.433917112255,7236504.5,10631500.0,225.56912231445312
88.41472654620884,23583.68991234526,614.6514828135801,409.74761550255505,738.7080301005008,182201.76565463486,7210.129645194918,7213007.0,10631500.0,225.9938201904297
88.894726546132,23879.409966053907,618.1584287224347,417.8883338673636,746.1571567592383,173937.08922158377,7401.572595726616,7189423.0,10631500.0,226.3600616455078
89.37472654605517,24176.88487050275,621.8560337991964,425.86792683931276,753.7031364422478,170068.32368162167,7596.607414806357,7165747.5,10631500.0,226.72842407226562
89.85472654597834,24476.06075483805,625.2309758640221,434.17246788848576,761.1961015745256,167094.33790990795,7795.326258425704,7141980.5,10631500.0,227.09884643554688
90.3347265459015,24776.85707458551,628.6547066785961,442.4499829586203,768.7449041452145,161568.96373260135,7997.779650662709,7118119.0,10631500.0,227.4712371826172
90.81472654582467,25079.296502956422,632.5617755438283,452.20839291778066,776.3162619620784,158071.6954994878,8238.688824465245,7090158.5,10631500.0,227.84561157226562
91.45472654572222,25485.000991391367,636.3110611323406,462.1277906433334,786.4183755509874,152551.29270831752,8484.763543850057,7058041.0,10631500.0,228.34774780273438
92.09472654561978,25893.42776313424,640.6029239258044,473.48253227232505,796.5913723542976,145455.1939000345,8772.366941215005,7029791.0,10631500.0,229.2217254638672
92.57472654554294,26201.54063637869,644.1739604784257,483.59630236128663,804.2223118585099,142326.5634300028,8992.539660940205,7001407.0,10631500.0,230.30931091308594
93.1347265454533,26562.848970474908,647.1887191700265,492.3184326231986,813.1609172368667,138058.9039922755,9254.326845024036,6976967.0,10631500.0,231.60797119140625
93.61472654537647,26874.077277575736,650.075754712957,501.1557411907016,820.8261471188781,134229.41538030826,9482.973552647174,6952426.0,10631500.0,232.74562072753906
94.09472654529964,27186.684994920157,653.3336897053484,511.5669320922085,828.5121882896307,130617.93992775754,9754.733109425577,6923666.5,10631500.0,233.90487670898438
94.65472654521,27553.065839311108,656.4705908835791,522.085492448962,837.483630210583,125763.76693338138,10031.945125749844,6894766.0,10631500.0,235.2832794189453
95.21472654512036,27921.17713035806,659.6006389604179,532.6226678888673,846.500862399247,119608.70524411778,10314.648885255845,6865722.0,10631500.0,236.68797302246094
95.77472654503072,28291.060283406638,662.1974241784509,541.7282305856094,855.5553193113759,116589.1180024107,10561.31538726697,6840713.5,10631500.0,238.11767578125
96.25472654495388,28609.36862120882,664.5364457301537,551.0228906643578,863.2698962316306,111958.20704262992,10812.105103893362,6815597.0,10631500.0,239.36131286621094
96.73472654487705,28928.86128284817,667.0703466832506,560.1931116771842,871.0907930834067,108234.5787779354,11066.9765442529,6790374.5,10631500.0,240.6207733154297
97.21472654480021,29249.505717889057,669.2943340807615,569.5817278872435,878.8505278917614,105403.43004301155,11325.976153746757,6765044.5,10631500.0,241.89488220214844
97.61472654473619,29517.512918932945,671.5071438248187,578.9843928861299,885.342645972207,102065.67757583877,11544.999369311601,6739607.5,10631500.0,242.96678161621094
98.17472654464655,29893.981400000863,673.9799460357588,590.0293155812952,894.4702387122677,99024.14018233414,11856.482356130893,6709797.0,10631500.0,244.48178100585938
98.7347265445569,30271.74677021359,675.9186789092532,599.613367928396,903.5498057643885,94083.49922020466,12173.735354832354,6684128.5,10631500.0,246.0113067626953
99.13472654449288,30542.404823192046,677.7015766111753,607.5027229489215,910.1313011492499,91697.16259322502,12403.840202424544,6662658.5,10631500.0,247.11181640625
99.69472654440324,30922.41779617034,679.7129257106276,618.8433062634513,919.2261414283108,89238.79739921783,12730.948039594827,6632476.0,10631500.0,248.66207885742188
100.1747265443264,31249.015246305964,681.4931905730729,628.5335829004438,927.0854510945233,85545.72031916071,13015.985707432541,6606493.0,10631500.0,249.9978790283203
100.57472654426238,31521.84853239078,682.926574961856,636.6406125172174,933.6487435301508,83859.69926308107,13256.774715035623,6580408.0,10631500.0,251.1153106689453
101.13472654417274,31904.679777196958,684.5785663996107,648.1859153008236,942.7580783892083,80718.29116742373,13598.944218540482,6554220.0,10631500.0,252.68417358398438
101.6947265440831,32288.470985493157,686.4026866390111,659.6400610082044,951.9840641062013,77286.39189035095,13947.017892265387,6523541.5,10631500.0,254.25624084472656
102.17472654400626,32618.191097606556,687.6521268073332,669.6212253817905,959.8218756542587,75052.0888863928,14250.081189896351,6497140.0,10631500.0,255.60476684570312
102.65472654392943,32948.51959002495,688.9682171526404,679.5692214003152,967.7249252350166,72480.36005026498,14557.521819702271,6470641.0,10631500.0,256.9525451660156
103.1347265438526,33279.449769892846,690.0905041552389,689.6113461009888,975.5965931656638,70461.35840694146,14869.347110651166,6444048.0,10631500.0,258.29827880859375
103.61472654377576,33610.88608489535,691.110928146963,699.6997516244955,983.4704151257106,68023.79042545737,15185.591823994138,6417362.5,10631500.0,259.6402893066406
104.09472654369893,33942.809911027085,692.0843193363319,709.8077529097134,991.3666078509859,65793.35280949862,15506.256389024607,6390587.0,10631500.0,260.97723388671875
104.57472654362209,34275.16774467705,692.9054570732158,719.9808592646598,999.244920001758,63651.71390325499,15831.361117443825,6363721.5,10631500.0,262.30755615234375
105.05472654354526,34607.90138652164,693.6454111193123,730.185505980932,1007.1319821709117,61468.463756032004,16160.921444783202,6336770.0,10631500.0,263.6297302246094
105.53472654346842,34940.97142507369,694.2840065432644,740.428552179213,1015.0195676064443,59412.00101620207,16494.94710094319,6309732.0,10631500.0,264.94232177734375
106.01472654339159,35274.32295077108,694.807335709205,750.713556908396,1022.9017930776049,57396.69151416925,16833.45288759059,6282612.0,10631500.0,266.24371337890625
106.49472654331475,35607.90601365769,695.2347569294975,761.0308053945832,1030.7857459250906,55435.25274585874,17176.449747295042,6255411.5,10631500.0,267.532470703125
106.97472654323792,35941.67223013716,695.553849468949,771.383133843357,1038.6660178753668,53554.756559847156,17523.94807457684,6228133.0,10631500.0,268.8070373535156
107.45472654316109,36275.569041304174,695.7656706534085,781.7680997444616,1046.5425123891785,51731.459920750734,17875.95847915069,6200778.0,10631500.0,270.06591796875
107.77472654310986,36498.214773983345,695.8309789515353,788.7141167968407,1051.784535588574,50548.8036177817,18113.143620824783,6182501.0,10631500.0,270.8957214355469
108.33472654302022,36887.87968682917,695.7521530720621,800.9245072753966,1060.9199427189344,48488.85404408362,18533.063565561817,6150440.0,10631500.0,272.32818603515625
108.81472654294339,37221.81968314876,695.921304497746,811.2972927536586,1068.8824815120042,46148.109577809184,18897.91185204205,6122885.5,10631500.0,273.5343322753906
109.29472654286656,37555.86902162072,695.8265332471808,821.7514686519592,1076.777618917872,45524.35566150589,19267.25025942763,6095266.5,10631500.0,274.7197265625
109.77472654278972,37889.72962725605,695.3075662513495,832.3259660059292,1084.5363642469893,44094.52628818658,19641.162759040748,6067584.5,10631500.0,275.8465270996094
110.25472654271289,38223.38842660596,694.9565804275497,842.8439835439988,1092.4058903520568,42684.70793211468,20019.632279278496,6039845.0,10631500.0,275.8465576171875
110.73472654263605,38556.84367601585,694.404267872973,853.4077737990511,1100.2282107003311,41568.400733855444,20402.6575389018,6012049.5,10631500.0,275.8465576171875
111.21472654255922,38889.99926118925,693.7285216108102,863.9925570214316,1108.0353786250473,40347.05165112539,20790.251654109252,5984202.0,10631500.0,275.8465881347656
111.69472654248239,39222.82124982658,692.9865576595014,874.5824386393006,1115.8516079985866,39203.6350477982,21182.411921825824,5956305.0,10631500.0,275.84661865234375
112.17472654240555,39555.25745125336,692.1034072809421,885.1924765549708,1123.6426686982886,38125.77833986767,21579.141371844613,5925915.0,10631500.0,275.84661865234375
112.65472654232872,39887.24691318313,691.1174338087374,895.8007472772996,1131.4160535085857,37052.97508505652,21980.43900687811,5890182.5,10631500.0,275.8466491699219
113.13472654225188,40218.74213696818,690.0234462487119,906.4010045973439,1139.1642276283185,36031.13766711318,22386.296989286882,5852429.5,10631500.0,275.8466491699219
113.61472654217505,40549.68653029273,688.808739135172,916.9900032990471,1146.877563325472,35034.770977191954,22796.70673374108,5812845.0,10631500.0,275.8466796875
114.09472654209821,40880.02544298745,687.486320649137,927.5597411290433,1154.5581468436599,34056.76245617843,23211.65645924414,5771615.5,10631500.0,275.8466796875
114.57472654202138,41209.70625449065,686.0502127011149,938.1062571687812,1162.199743626914,33123.98595565177,23631.13199435097,5728919.0,10631500.0,275.569580078125
115.05472654194455,41538.67395583005,684.500860284702,948.6246445801198,1169.7991896198491,32279.157806258598,24055.117331507743,5684931.5,10631500.0,274.4366455078125
115.53472654186771,41866.875168450875,682.841527784032,959.1099309910174,1177.3548368236422,31427.592157001724,24483.59419626173,5639819.0,10631500.0,273.3065490722656
115.93472654180368,42139.75145742099,681.3681325697523,967.8202539230065,1183.61251091106,30707.424004243116,24844.07498161945,5601483.0,10631500.0,272.3670349121094
116.41472654172685,42466.40773718199,679.4819466050762,978.2374416275534,1191.0685152266617,29842.962467833964,25280.73325596348,5554719.5,10631500.0,271.2425231933594
116.89472654165002,42792.13287659339,677.5297669141944,988.6048720523079,1198.4932949751378,28901.884272782034,25721.82285307317,5507265.5,10631500.0,270.1213073730469
117.37472654157318,43116.925573350745,675.5305707211597,998.9185914570551,1205.8938196779195,28122.67727861561,26167.313565754725,5459259.0,10631500.0,269.00347900390625
117.85472654149635,43440.708014736534,673.3204757554145,1009.1919603246059,1213.1895465488146,27352.826163573252,26617.18315800902,5410829.5,10631500.0,267.8892517089844
118.33472654141951,43763.420143212425,671.071568227469,1019.4060778551132,1220.461306740701,26560.48391565842,27071.404144885277,5362098.5,10631500.0,266.7788391113281
118.81472654134268,44085.03295774537,668.7068196838982,1029.5650262030265,1227.6697250776335,25839.75187190608,27529.946908937258,5313179.0,10631500.0,265.67236328125
119.21472654127865,44352.15692169231,666.2243290166466,1039.6662729016907,1233.6213826780188,25239.94446153745,27915.346806265246,5264179.0,10631500.0,264.7534484863281
119.77472654118901,44724.74738706008,663.680950636596,1049.7037479422347,1241.913991660401,24525.79322158478,28459.880314715378,5215194.5,10631500.0,263.4718933105469
120.25472654111218,45042.69384095061,660.8664653096639,1059.6825505994998,1248.8681247497475,23715.45915833286,28931.210364727594,5166315.5,10631500.0,262.37841796875
120.73472654103534,45359.36482670205,658.1551471049668,1069.5907710377883,1255.8632947697656,23026.752284788286,29406.737881859404,5117626.0,10631500.0,261.28948974609375
121.21472654095851,45674.62841639074,654.7338146709425,1081.0701675655084,1262.7118623960585,22042.66544498042,29966.783909253132,5061160.0,10631500.0,260.20550537109375
121.77472654086887,46040.75488892151,652.1071112319945,1090.8312777406027,1270.8880993291789,20912.90454063025,30451.295354193673,5013129.5,10631500.0,258.94683837890625
122.25472654079203,46353.18657489261,649.3946727719631,1100.5266561121746,1277.8389420572726,20060.246401810913,30939.899529425442,4965504.0,10631500.0,257.87286376953125
122.7347265407152,46664.32672748214,646.72730849778,1110.1530818118188,1284.794176750915,19242.213286125927,31432.562883732997,4918340.0,10631500.0,256.8034973144531
123.21472654063837,46974.186029914184,644.0658473316365,1119.711779711039,1291.7334420547768,18462.917153157247,31929.25195263582,4871685.0,10631500.0,255.7386474609375
123.69472654056153,47282.773185470025,641.4326783077391,1129.2027234980233,1298.6664974335763,17715.960867547175,32429.93346613159,4825583.0,10631500.0,254.6782989501953
124.1747265404847,47590.09955429449,638.8189782355299,1138.626661228942,1305.5881282453722,17003.034605720924,32934.574440389195,4780074.0,10631500.0,253.62242126464844
124.65472654040786,47896.17544598994,636.2286510892291,1147.9841556374215,1312.4993402136945,16320.76862760566,33443.142222953276,4735191.5,10631500.0,252.57093811035156
125.13472654033103,48201.011729938095,633.6603566630041,1157.2759575402547,1319.398760612954,15667.483713937134,33955.60451937544,4690965.0,10631500.0,251.5238494873047
125.6147265402542,48504.61918071972,631.1148908569203,1166.5028495098345,1326.2861317890292,15041.027247992026,34471.929429375516,4647418.5,10631500.0,250.48109436035156
126.09472654017736,48807.00874125247,628.5922786105499,1175.6656903001035,1333.1609310498197,14439.295260308643,34992.08548340241,4604575.0,10631500.0,249.44264221191406
126.57472654010053,49108.191438291105,626.092708134168,1184.7653884628792,1340.022800133779,13860.498731645444,35516.04165049575,4562452.0,10631500.0,248.40847778320312
127.0547265400237,49408.178303222754,623.6160632087685,1193.802907358355,1346.8713286388065,13302.565902270713,36043.76737310073,4521063.0,10631500.0,247.37852478027344
127.53472653994686,49706.98035347974,621.162426930025,1202.779247823558,1353.7062752401655,12765.241705558994,36575.23257956618,4480420.5,10631500.0,246.35275268554688
127.93472653988283,49955.08497098053,619.1352331616786,1210.212586420729,1359.390650723079,12332.912025098178,37020.95537165698,4444691.0,10631500.0,245.50112915039062
128.414726539806,50251.74332031049,616.7221472666963,1220.463723162167,1366.1437465298243,11831.822477246686,37559.18772383506,4331256.5,10631500.0,244.48292541503906
128.97472653971636,50596.38548154419,613.9306177674481,1228.9845450615865,1373.7954052305442,11269.497783138002,38191.64914271085,4191410.5,10631500.0,243.30020141601562
129.45472653963952,50890.55228846159,611.5571013596985,1237.2087510550484,1380.104192411091,10805.468608189958,38737.492684880344,4042882.5,10631500.0,242.29080200195312
129.9347265395627,51183.58265537198,609.2007262419407,1245.1409045572254,1386.182310179759,10357.820678262146,39286.64161059723,3904725.5,10631500.0,241.28541564941406
130.33472653949866,51426.91244839528,606.8615008657116,1252.8163933263024,1391.0921738662762,9997.160355767981,39838.97297728335,3787628.0,10631500.0,240.4506378173828
130.89472653940902,51766.267073080875,604.539833099879,1260.2870904494832,1397.7810844900048,9511.181064606304,40394.384369453874,3696864.0,10631500.0,239.2865753173828
131.45472653931938,52104.109075683635,601.8543342649151,1268.8247382944846,1404.3307502798377,9047.14163640556,41046.15595310685,3627729.5,10631500.0,238.1278533935547
131.93472653924255,52392.49484199972,599.5736055356695,1276.07132433071,1409.9101153031618,8666.916404176787,41608.01531909814,3606123.0,10631500.0,237.13885498046875
132.33472653917852,52631.98231201107,597.6883055124443,1282.0949673758623,1414.5666530485053,8362.23581750767,42078.47371208734,3591115.25,10631500.0,236.31765747070312
132.7347265391145,52870.71748296777,595.8166629550959,1288.1004891746888,1419.2252696689907,8068.204599375612,42550.96302502995,3573834.5,10631500.0,235.49911499023438
133.29472653902485,53203.69323322654,593.2191878291446,1296.47110625163,1425.7441334804766,7673.754717542767,43215.84341791916,3547041.0,10631500.0,234.3575439453125
133.77472653894802,53487.947251713835,591.0139869747825,1303.607275969888,1431.3243737048076,7351.0435301445505,43788.87528341719,3522761.0,10631500.0,233.38314819335938
134.25472653887118,53771.14609554026,588.8280322443863,1310.7059133629502,1436.8954182129617,7041.898362139442,44364.78128573065,3498229.25,10631500.0,232.4124755859375
134.65472653880715,54053.29900957388,586.6613287076509,1317.7672165933952,1442.4569150339744,6745.719101608964,44943.54303475405,3474241.25,10631500.0,231.44546508789062
135.13472653873032,54334.41521448828,584.5138248217,1324.7930340381924,1448.0100118589694,6462.045044416906,45525.14268540966,3451487.5,10631500.0,230.48214721679688
135.85472653861507,54707.64010176237,581.6802809830225,1334.1114763419214,1455.405572543856,6102.240619007955,46304.99492884599,3424092.75,10631500.0,229.2033233642578
136.33472653853823,54986.37312907807,579.2288773417373,1342.2270782270728,1460.95088309005,5845.450301704884,46991.45315817456,3403751.25,10631500.0,228.24839782714844
136.8947265384486,55310.290787442005,577.1484821067799,1349.1627385540494,1467.4264770341383,5559.247360933165,47582.86773763029,3389584.5,10631500.0,227.1387939453125
137.29472653838457,55540.830314103165,575.0873929452913,1356.0870608196724,1472.061095376754,5363.116578600341,48177.06300244269,3378882.0,10631500.0,226.34915161132812
137.93472653828212,56273.98823250993,569.9881838066091,1370.8013962163973,1484.5817584585839,3488.0046355785194,49674.56448540742,2279978.75,10631500.0,223.8384246826172
139.05472653810284,56547.14874690771,568.1088883253044,1375.7011929124908,1488.3888877491202,3327.785584215454,50276.80723257673,2279979.75,10631500.0,222.90313720703125
139.534726538026,56819.372588528786,566.0228663599748,1380.6060260460058,1492.130987680675,3178.058810453147,50880.936902453344,2279980.75,10631500.0,221.97117614746094
140.01472653794917,57090.63897468429,564.2249256589545,1385.499029398126,1495.9803899777569,3049.151675877725,51486.94939120377,2279981.75,10631500.0,221.04254150390625
140.49472653787234,57360.98044564936,561.932488169363,1390.3996665498687,1499.6597460764883,2946.182461073053,52094.844009775225,2279982.75,10631500.0,220.11721801757812
140.8947265378083,57585.42925302393,560.396997068654,1394.4797526337936,1502.8701124279407,2817.6308712189134,52602.86056925001,2279983.5,10631500.0,219.51376342773438
141.37472653773148,57854.07078273478,558.6675074522278,1399.3611125072687,1506.758410323455,2759.3496080812897,53214.19486401169,2279984.25,10631500.0,219.0140380859375
141.77472653766745,58077.14441221871,556.5314123053104,1403.4364769802185,1509.755330443046,2656.6055313953775,53725.0722433529,2279984.75,10631500.0,218.70628356933594
142.17472653760342,58299.496235858416,555.285564157977,1407.5078961616503,1513.0831224753113,2523.429349767263,54237.253506668465,2279985.25,10631500.0,218.48988342285156
142.5747265375394,58521.32131921523,553.5286021790095,1411.5980790467604,1516.2463685690238,2543.049864388061,54750.73816402341,2279986.25,10631500.0,218.35791015625
143.05472653746256,58786.474825580604,551.4152664106714,1416.513844530201,1520.056008105123,2363.3112156409215,55368.645318116374,2279987.0,10631500.0,218.30178833007812
143.53472653738572,59050.814089886146,549.7648200100912,1421.428247815396,1524.0405575339112,2327.239047626388,55988.43405412428,2279987.5,10631500.0,218.34642028808594
144.0147265373089,59314.13919500436,547.3966481936086,1426.3609545209486,1527.7920876334936,2211.878820840079,56610.10908833755,2279988.25,10631500.0,218.48072814941406
144.49472653723205,59576.56653623178,546.0083541559864,1431.286712071062,1531.896463524647,2109.739100093665,57233.670840672276,2279988.75,10631500.0,218.69383239746094
144.89472653716803,59794.587581070606,543.9256643714622,1435.4018209234887,1535.0027738972994,2075.0169681613465,57754.749671586454,2279989.25,10631500.0,218.92398071289062
145.3747265370912,60055.24968169187,542.3675807476801,1440.3429870000355,1539.0745637707992,1929.6429234305483,58381.779921028436,2279989.75,10631500.0,219.25396728515625
145.85472653701436,60315.19956468791,540.4166343214187,1445.2973927275489,1543.02776775933,1945.6365585336719,59010.70220958672,2279990.25,10631500.0,219.6334228515625
146.33472653693752,60574.101926257834,538.5573700596121,1450.2651724948196,1547.0336490836114,1808.160524690694,59641.52384024837,2279990.75,10631500.0,220.0518035888672
146.8147265368607,60832.28436965984,536.9548916855454,1455.2361182538832,1551.139167056156,1802.5294692883656,60274.243650325174,2279991.25,10631500.0,220.49978637695312
147.29472653678386,61089.48175384104,534.7737438819534,1460.223486021932,1555.0677111545867,1713.526648745701,60908.86830105641,2279991.75,10631500.0,220.96726989746094
147.77472653670702,61345.859261344885,533.3846998237726,1465.205196950147,1559.2708254744634,1677.0566597893699,61545.396773817476,2279992.25,10631500.0,221.44509887695312
148.2547265366302,61601.35570195585,531.0862691489684,1470.208886122917,1563.191221224505,1598.5741881733175,62183.833584753134,2279992.5,10631500.0,221.9238739013672
148.73472653655335,61855.929270284716,529.7325738065152,1475.210747650158,1567.4384676070106,1547.0077941160707,62824.182378404235,2279993.0,10631500.0,222.3944091796875
149.21472653647652,62109.71631408669,527.4881723666174,1480.2201266553836,1571.3991839575183,1490.498513092664,63466.44221236882,2279993.25,10631500.0,222.8480987548828
149.69472653639968,62362.51767968736,526.0826531516873,1485.2355507493344,1575.6546573271687,1380.222633489573,64110.61718742603,2279993.75,10631500.0,223.27584838867188
150.17472653632285,62614.65689544252,524.1937887373675,1490.269909723248,1579.773253342825,1369.2665602212037,64756.70933400209,2279994.0,10631500.0,223.66966247558594
150.65472653624602,62865.81297569745,522.5601756053808,1495.3057788751582,1583.9850092302547,1272.9302148482743,65404.72457422111,2279994.25,10631500.0,224.02064514160156
151.13472653616918,63116.33048704022,521.0089877741551,1500.3471108635024,1588.235441745936,1278.3206888878183,66054.65877248158,2279994.5,10631500.0,224.3210906982422
151.61472653609235,63365.901109438855,519.0239418331475,1505.4098016304042,1592.370724122028,1180.6938300574172,66706.52102656288,2279994.75,10631500.0,224.56253051757812
152.09472653601551,63614.73987686669,517.667717852549,1510.469211756496,1596.7144722119094,1165.347260208911,67360.31193003972,2279995.0,10631500.0,224.73733520507812
152.57472653593868,63862.69725351955,515.5217815427744,1515.543477059582,1600.8231439178046,1078.4571123288954,68016.03352299987,2279995.25,10631500.0,224.83766174316406
153.05472653586185,64109.85213910171,514.3755209751674,1520.6167175436585,1605.2592869227467,1023.091530657329,68673.68768186099,2279995.5,10631500.0,224.8671112060547
153.534726535785,64356.28919356421,512.2982374328134,1525.7105730581466,1609.4229515009984,959.2742234573718,69333.27795869122,2279996.0,10631500.0,224.84405517578125
153.93472653572098,64560.9590767317,511.2766694545189,1529.9515579800402,1613.119835131308,895.9952151936776,69884.41833611044,2279996.0,10631500.0,224.78720092773438
154.33472653565696,64765.25629507401,510.0255942204043,1534.197926950483,1616.752728718599,888.332424104495,70436.90345109848,2279996.5,10631500.0,224.697265625
154.89472653556732,65050.20925344981,507.95421488136276,1540.1637410563465,1621.7650365205259,787.5497104498687,71212.65146031108,2279997.0,10631500.0,224.51918029785156
155.37472653549048,65293.74392780033,506.5871261710359,1545.2817791628659,1626.199954930199,758.500197893728,71879.68554836234,2279997.25,10631500.0,224.32095336914062
155.77472653542645,65496.02671248664,504.8707427424017,1549.5592581452377,1629.7326042577915,704.5330593021266,72437.03632191764,2279997.25,10631500.0,224.1256103515625
156.25472653534962,65738.07616000413,503.79899923405674,1554.6880069423096,1634.2791164790328,645.713517386423,73107.64407258776,2279997.75,10631500.0,223.85707092285156
156.6547265352856,65939.29304653872,502.132129140848,1558.9778421557887,1637.848768185952,603.1946720032078,73667.97481288003,2279997.75,10631500.0,223.60646057128906
157.13472653520876,66179.92759505112,500.8384792827044,1564.1275151042942,1642.3562542385698,531.9449576548627,74342.16598197313,2279998.0,10631500.0,223.27589416503906
157.53472653514473,66380.06336073182,499.6924558026701,1568.4180877498748,1646.0947264258753,506.9783357690809,74905.48388558526,2279998.25,10631500.0,222.9768829345703
158.0147265350679,66619.4346133921,497.8946179762264,1573.588715383893,1650.4788686297147,437.93322262542995,75583.26348408616,2279998.5,10631500.0,222.5919647216797
158.49472653499106,66858.1785991065,496.8568965509216,1578.7547668690536,1655.093166429604,399.3413600224182,76263.0035815733,2279998.5,10631500.0,222.18075561523438
158.97472653491423,67096.19252691092,494.8920547956932,1583.943571444054,1659.456351766701,352.0238375692886,76944.70881889356,2279998.75,10631500.0,221.7455596923828
159.4547265348374,67333.46150746511,493.9054185626631,1589.1299263289727,1664.1143245702458,309.31139353612144,77628.38119114144,2279999.0,10631500.0,221.28868103027344
159.93472653476056,67570.1055628953,491.9935146355185,1594.332831548927,1668.518743136627,266.7117544081446,78314.02197153108,2279999.0,10631500.0,220.81204223632812
160.33472653469653,67766.66159733606,491.0868478417244,1598.6713451739743,1672.3983861519016,229.16316083020916,78886.89656303287,2279999.25,10631500.0,220.40164184570312
160.8147265346197,68002.1041818948,489.7188501298195,1603.8825779051153,1676.9805830360801,199.12652919729877,79576.15270066052,2279999.25,10631500.0,219.89450073242188
161.29472653454286,68236.73040097253,488.21973754267344,1609.104319514222,1681.539539590302,158.35449908859175,80267.38745714085,2279999.5,10631500.0,219.3739776611328
161.77472653446603,68470.84704227559,487.2019907434582,1614.3271772450387,1686.243759062231,132.15045507422093,80960.59712975974,2279999.75,10631500.0,218.84153747558594
162.2547265343892,68704.23430093669,485.3592062417513,1619.5764499536579,1690.7399079480308,97.7283752674891,81655.78954884817,2279999.75,10631500.0,218.29962158203125
162.73472653431236,68936.98090887407,484.5336416050028,1624.8179940761493,1695.5253945962138,70.95793954618173,82352.96589569264,2279999.75,10631500.0,218.08859252929688
163.21472653423552,69169.0879425715,482.5757412900617,1630.074098496544,1700.0061507744533,44.33553626094625,83052.12648352605,2279999.75,10631500.0,218.09820556640625
163.6947265341587,69400.48110550083,481.83108390023085,1635.3296379598169,1704.835539928194,23.456308822594487,83753.27496703279,2280000.0,10631500.0,218.1024169921875
164.09472653409466,69592.97394521278,480.51876590737436,1639.730848462111,1708.688251199563,11.249651565114478,84339.08490153385,2280000.0,10631500.0,218.10316467285156
164.57472653401783,69823.23526441772,479.30940563340164,1645.0091455990184,1713.415476594354,2.609049145602323,85043.88475594138,2280000.0,10631500.0,218.1023712158203
164.9747265339538,70014.80566547567,478.5675986430583,1649.4064528911306,1717.4308117970531,6.171468477725495e-06,85632.73802812322,2280000.0,10631500.0,4.0
165.45472653387696,70244.10955716658,476.8010035254433,1654.7113039943877,1722.0362065095137,6.272265429816026e-06,86341.19677740525,2280000.0,10631500.0,4.0
165.93472653380013,70472.82804976986,476.11287159735076,1660.0068244551824,1726.9354717934466,3.4533140688963775e-06,87051.65691505764,2280000.0,10631500.0,4.0
166.4147265337233,70701.05788273271,474.2913056132411,1665.3225792959186,1731.5459958352606,4.761896236339313e-06,87764.11961219154,2280000.0,10631500.0,4.0
166.89472653364646,70928.59586684685,473.57184274992653,1670.636925836678,1736.4613523527057,3.1072863459127155e-06,88478.5860270484,2280000.0,10631500.0,4.0
167.37472653356963,71155.69916237856,472.03140857732853,1675.9715618636203,1741.1761332096992,4.776220341650042e-06,89195.05710529603,2280000.0,10631500.0,4.0
167.8547265334928,71382.08009575913,471.1126591709045,1681.3072223617858,1746.0644643302792,3.0390402059737902e-06,89913.5382924733,2280000.0,10631500.0,4.0
168.33472653341596,71608.10311472917,469.9605277326751,1686.6527485316783,1750.9027362352938,4.7873540450407035e-06,90634.02555317307,2280000.0,10631500.0,4.0
168.81472653333913,71833.41847967845,468.7208684274788,1692.0128131371564,1755.7353480293446,3.111434956868356e-06,91356.52844387738,2280000.0,10631500.0,4.0
169.2947265332623,72058.33909217734,467.8599628198002,1697.37047681933,1760.6701793316158,4.493340667217905e-06,92081.04419466289,2280000.0,10631500.0,4.0
169.77472653318546,72282.61461087863,466.32524673160015,1702.744459565978,1765.4455330941034,3.75706008493449e-06,92807.57829356192,2280000.0,10631500.0,4.0
170.25472653310862,72506.40638608276,465.75666850831965,1708.109690992928,1770.4711211211338,3.604132426584386e-06,93536.13031265407,2280000.0,10631500.0,4.0
170.7347265330318,72729.67148828297,464.082847852914,1713.501163932521,1775.2349502162733,4.387436426753904e-06,94266.70438485568,2280000.0,10631500.0,4.0
171.21472653295496,72952.37572702393,463.63932349013663,1718.88327841976,1780.3149011108833,2.9780298446439504e-06,94999.30181758569,2280000.0,10631500.0,4.0
171.69472653287812,73174.71027284209,462.1771874379516,1724.2965908590904,1785.1628737558758,4.556353482170793e-06,95733.92469840481,2280000.0,10631500.0,4.0
172.0947265328141,73359.47993099166,461.5481861956966,1728.809598496575,1789.3600409181006,2.8949887528346295e-06,96347.66148626653,2280000.0,10631500.0,4.0
172.57472653273726,73580.95605684095,460.6402763295984,1734.2267404899703,1794.3611263086023,4.602555310146213e-06,97086.00191215807,2280000.0,10631500.0,4.0
173.05472653266042,73801.79657369747,459.39308684274,1739.66076284318,1799.2947446194069,2.9190869533703844e-06,97826.377268747,2280000.0,10631500.0,4.0
173.5347265325836,74022.26903015794,458.7257580425402,1745.09056544293,1804.3753497234516,4.557244293812267e-06,98568.78486750394,2280000.0,10631500.0,4.0
174.01472653250676,74242.17638066539,457.31084977889054,1750.53618802063,1809.284432833956,3.2262503732614564e-06,99313.22932822506,2280000.0,10631500.0,4.0
174.49472653242992,74461.65832376468,456.9210126760101,1755.9777503604673,1814.4516173174413,3.5915276925327396e-06,100059.71017039302,2280000.0,10631500.0,4.0
174.9747265323531,74680.7554022849,455.53062034392053,1761.448905123549,1819.3983597419963,4.029230327338811e-06,100808.23290842818,2280000.0,10631500.0,4.0
175.37472653228906,74862.91298932,455.15957900166285,1765.9946446163717,1823.7070288757116,2.8178961607441487e-06,101433.5632088048,2280000.0,10631500.0,4.0
175.85472653221223,75081.30897799984,454.2012958744468,1771.4725576157125,1828.7738623349746,4.432012319809636e-06,102185.82925171565,2280000.0,10631500.0,4.0
176.3347265321354,75299.10292930377,453.2387826710875,1776.9618463757097,1833.8535376611026,2.8941645662311173e-06,102940.14386256259,2280000.0,10631500.0,4.0
176.81472653205856,75516.6197190081,452.5197412735392,1782.4548390142243,1838.9995566523378,4.375711954344476e-06,103696.50564220316,2280000.0,10631500.0,4.0
177.29472653198172,75733.57570324396,451.3364435093733,1787.9614756863118,1844.0474028012577,3.24012972554612e-06,104454.91974411774,2280000.0,10631500.0,4.0
177.7747265319049,75950.22358047159,451.08492288711903,1793.4611651173816,1849.3189444874765,3.2651702153762073e-06,105215.38267029378,2280000.0,10631500.0,4.0
178.25472653182806,76166.49363214872,449.70996857364537,1798.9876525438115,1854.3450676288926,4.061071701055329e-06,105977.90075724408,2280000.0,10631500.0,4.0
178.73472653175122,76382.34886753687,449.56450073959087,1804.4988926157148,1859.6570903735394,2.7495087763229624e-06,106742.47436340955,2280000.0,10631500.0,4.0
179.2147265316744,76597.96704377921,448.3506579734772,1810.043236166994,1864.7452451472116,4.272396438299331e-06,107509.10643710756,2280000.0,10631500.0,4.0
179.69472653159755,76813.06387664692,447.89857180680576,1815.5814010031172,1870.0130893378844,2.746139590431748e-06,108277.80054400911,2280000.0,10631500.0,4.0
180.17472653152072,77027.96626730042,446.96657533171367,1821.1329089706535,1875.18110901312,4.2506941192116746e-06,109048.55532381256,2280000.0,10631500.0,4.0
180.65472653144388,77242.32694763807,446.2594123389102,1826.6938756276343,1880.4143102934993,2.7186101781203447e-06,109821.37618812743,2280000.0,10631500.0,4.0
181.05472653137986,77420.83754776709,445.87675400817216,1831.3371727182077,1884.8347195296415,4.201694949921946e-06,110466.97087182234,2280000.0,10631500.0,4.0
181.53472653130302,77634.62277347106,444.7689272162455,1836.9172724328175,1889.9958900429153,2.9791532815985305e-06,111243.58179234975,2280000.0,10631500.0,4.0
182.0147265312262,77848.13620778348,444.6605630683939,1842.4911842960175,1895.3882928194007,3.399588846515234e-06,112022.25937063726,2280000.0,10631500.0,4.0
182.41472653116216,78025.8422605365,443.67120023050205,1847.157544697185,1899.693430226495,5.973428015646626e-06,112672.73755762319,2280000.0,10631500.0,4.0
182.97472653107252,78274.05419863388,443.39003086295264,1853.685978883801,1905.9765024204903,4.498231353376911e-06,113585.82528377298,2280000.0,10631500.0,4.0
183.3747265310085,78451.28442196513,442.61204231477217,1858.3672456766926,1910.3492455061798,4.153155898059881e-06,114239.76117946225,2280000.0,10631500.0,4.0
183.77472653094446,78628.20677342289,441.9909419163694,1863.0458076436094,1914.7573407913985,2.6915043749688523e-06,114895.14210488307,2280000.0,10631500.0,4.0
184.25472653086763,78840.39220478537,441.71807257692996,1868.6630461403506,1920.1605234072522,4.06787053696539e-06,115683.50250071526,2280000.0,10631500.0,4.0
184.7347265307908,79052.1975388584,440.70889747613484,1874.2976994893395,1925.4132539861828,2.945977343093467e-06,116473.94357026413,2280000.0,10631500.0,4.0
185.21472653071396,79263.77999652456,440.721797558143,1879.93022646035,1930.8996243207837,3.2463702376315044e-06,117266.46477958976,2280000.0,10631500.0,4.0
185.69472653063713,79475.15592798847,439.7013905698114,1885.5879085149525,1936.1764056012094,3.704442885173186e-06,118061.0713228299,2280000.0,10631500.0,4.0
186.0947265305731,79651.02504961181,439.67864939228866,1890.2963872097785,1940.75700339578,2.528153459174962e-06,118724.83674543146,2280000.0,10631500.0,4.0
186.57472653049626,79862.04264104401,439.05947547246717,1895.9613780244558,1946.1353421492945,4.057083244373223e-06,119523.26420104309,2280000.0,10631500.0,4.0
187.05472653041943,80072.63669266191,438.54475868459747,1901.6373900858557,1951.549709523761,2.5860949157373303e-06,120323.78197574575,2280000.0,10631500.0,4.0
187.4547265303554,80248.08685053466,438.3673865535378,1906.3677299081403,1956.1195994184238,3.962327028863776e-06,120992.47583007414,2280000.0,10631500.0,4.0
187.85472653029137,80423.30027703824,437.45791457578036,1911.1051250985438,1960.5336585233397,3.98869235714809e-06,121662.62334610427,2280000.0,10631500.0,4.0
188.41472653020173,187699.29856439424,-267.8302928635368,1722.7584358197246,1743.4533816432809,2.9152931617709763e-05,1041035.6634235004,0.0,10631500.0,4.0
1048.3430369404086,187592.12552876468,-268.171264068215,1723.055446513026,1743.7992713125407,2.9177108387382947e-05,1041296.8525486621,0.0,10631500.0,4.0
1048.8230369403318,187463.33788627852,-268.5802039424816,1723.4124537131813,1744.214955664431,2.9206036638461072e-05,1041610.1080804988,0.0,10631500.0,4.0
1049.2230369402678,187355.86493139155,-268.920798670403,1723.7104551731086,1744.5618731448342,2.9230075933336682e-05,1041871.0528579499,0.0,10631500.0,4.0
1049.703036940191,187226.71758476377,-269.3292855271334,1724.0686516351211,1744.9787905855765,2.925882128336942e-05,1042184.0135128929,0.0,10631500.0,4.0
1050.183036940114,187097.37420409184,-269.73752436051325,1724.4274970707456,1745.396380396675,2.9287468078497063e-05,1042496.7836191081,0.0,10631500.0,4.0
1050.6630369400373,186967.83490853326,-270.14551447784254,1724.786991682515,1745.8146424147433,2.9316030557686486e-05,1042809.3873277627,0.0,10631500.0,4.0
1051.1430369399604,186838.09981766762,-270.55325511079184,1725.147135672996,1746.2335764644397,2.9344498896809304e-05,1043121.832947641,0.0,10631500.0,4.0
1051.6230369398836,186708.16905124031,-270.96074567780875,1725.5079292408197,1746.6531823951818,2.9372853199067667e-05,1043434.0927940592,0.0,10631500.0,4.0
1052.1030369398068,186578.0427294583,-271.36798547060516,1725.8693725784947,1747.0734600304766,2.9401133786881982e-05,1043746.1941729788,0.0,10631500.0,4.0
1052.5030369397427,186469.45483229065,-271.70715979742545,1726.171071863027,1747.4242043710894,2.9424617427857686e-05,1044006.1432716525,0.0,10631500.0,4.0
1052.983036939666,186338.9703055931,-272.11393795310426,1726.5337069821949,1747.8457130347706,2.9452732753886314e-05,1044317.9284660068,0.0,10631500.0,4.0
1053.463036939589,186208.2905657841,-272.5204633487193,1726.8969924439632,1748.2678929316885,2.948074211312246e-05,1044629.5272636783,0.0,10631500.0,4.0
1053.9430369395122,186077.41573433706,-272.9267352905824,1727.2609284505409,1748.690743896187,2.9508633660066526e-05,1044940.936187047,0.0,10631500.0,4.0
1054.4230369394354,185946.3459329888,-273.3327530387236,1727.6255152088056,1749.1142657597356,2.9536458192679036e-05,1045252.2163736422,0.0,10631500.0,4.0
1054.9030369393586,185815.08128387982,-273.73851595967847,1727.9907528991787,1749.5384583440507,2.956420269083086e-05,1045563.2960021598,0.0,10631500.0,4.0
1055.3830369392817,185683.62190940557,-274.1440232562725,1728.3566417431061,1749.9633214855228,2.9591823330098375e-05,1045874.2124721264,0.0,10631500.0,4.0
1055.863036939205,185551.9679324415,-274.5492743026731,1728.723181928565,1750.388855014036,2.9619383735152438e-05,1046184.9501866912,0.0,10631500.0,4.0
1056.2630369391409,185442.1077190868,-274.8867872342013,1729.029129783958,1750.743978266786,2.9642232601367273e-05,1046443.760429494,0.0,10631500.0,4.0
1056.8230369390512,185288.07666383858,-275.3590047103489,1729.4582171502377,1751.241932556308,2.967414018022856e-05,1046805.9176070989,0.0,10631500.0,4.0
1057.2230369389872,185177.89260986797,-275.696087683963,1729.7652513935975,1751.5981724393864,2.9696847507752103e-05,1047064.4156879139,0.0,10631500.0,4.0
1057.7030369389104,185045.49380014546,-276.10034976393274,1730.1342902562283,1752.0262741923104,2.9724029647204127e-05,1047374.5082007158,0.0,10631500.0,4.0
1058.1830369388335,184912.90098610893,-276.50435217288214,1730.5039814342244,1752.4550455090846,2.9751080485567982e-05,1047684.400726242,0.0,10631500.0,4.0
1058.5830369387695,184802.25886669278,-276.84082191228515,1730.8125558556144,1752.8128662765212,2.977358645354351e-05,1047942.5088167054,0.0,10631500.0,4.0
1059.0630369386927,184669.3107025153,-277.2443463171861,1731.183443452593,1753.2428646508793,2.9800481176351482e-05,1048252.1113501227,0.0,10631500.0,4.0
1059.5430369386158,184536.16888845584,-277.64760903318165,1731.5549839281337,1753.6735320943296,2.982727999431734e-05,1048561.4898130014,0.0,10631500.0,4.0
1060.023036938539,184402.83355027356,-278.05060925736313,1731.927177479556,1754.1048684159941,2.9853979140914087e-05,1048870.7250488158,0.0,10631500.0,4.0
1060.423036938475,184291.57302854734,-278.38624175955897,1732.2378377957014,1754.4648261769564,2.9876161149444046e-05,1049128.265166644,0.0,10631500.0,4.0
1060.9030369383981,184157.88322393503,-278.78875894183443,1732.6112291695486,1754.8973883269477,2.9902706882179584e-05,1049437.1870342349,0.0,10631500.0,4.0
1061.3830369383213,184024.00025331252,-279.19101169129465,1732.985274177135,1755.330618864722,2.9929120504306692e-05,1049745.9111600139,0.0,10631500.0,4.0
1061.8630369382445,183889.9242437915,-279.5929992270709,1733.3599730202197,1755.7645176063463,2.995547744769623e-05,1050054.467746076,0.0,10631500.0,4.0
1062.3430369381676,183755.6553228274,-279.99472080388693,1733.7353259051965,1756.199084377863,2.9981690836256937e-05,1050362.8396769364,0.0,10631500.0,4.0
1062.8230369380908,183621.19361814822,-280.39617572587235,1734.1113330182843,1756.634318993041,3.000787459299894e-05,1050671.0436704694,0.0,10631500.0,4.0
1063.303036938014,183486.53925785457,-280.79736330037406,1734.487994568666,1757.07022128863,3.0033911697718414e-05,1050979.0893892734,0.0,10631500.0,4.0
1063.7830369379371,183351.69237040286,-281.19828272243126,1734.8653107418547,1757.506791059846,3.0059870745534983e-05,1051286.9315247699,0.0,10631500.0,4.0
1064.2630369378603,183216.65308459383,-281.59893327520615,1735.2432817483837,1757.9440281404395,3.008575658735517e-05,1051594.5882307908,0.0,10631500.0,4.0
1064.6630369377963,183103.9734687158,-281.9326027915512,1735.5587579430924,1758.3089019821823,3.0107202609578737e-05,1051850.8433310268,0.0,10631500.0,4.0
1065.1430369377194,182968.58178846934,-282.33275853889415,1735.93792997681,1758.7473619813488,3.013289284194112e-05,1052158.196818736,0.0,10631500.0,4.0
1065.6230369376426,182832.99807673658,-282.73264333842326,1736.3177573996923,1759.1864887699169,3.0158477329088055e-05,1052465.355850329,0.0,10631500.0,4.0
1066.1030369375658,182697.2224637695,-283.13225649679134,1736.6982404023129,1759.626282164896,3.0183982438944737e-05,1052772.3539730385,0.0,10631500.0,4.0
1066.583036937489,182561.25508002844,-283.53159719733287,1737.079379189198,1760.0667419770195,3.020937913955725e-05,1053079.1572445275,0.0,10631500.0,4.0
1067.063036937412,182425.09605645388,-283.9306647437493,1737.4611739518664,1760.5078680233228,3.0234672183189934e-05,1053385.7774880198,0.0,10631500.0,4.0
1067.5430369373353,182288.74552423076,-284.329458407993,1737.8436248901605,1760.9496601237515,3.0259867310577503e-05,1053692.2543021785,0.0,10631500.0,4.0
1068.0230369372584,182152.20361505717,-284.7279774812756,1738.2267321962279,1761.3921180935706,3.028497348596645e-05,1053998.50915188,0.0,10631500.0,4.0
1068.5030369371816,182015.47046072292,-285.1262211426507,1738.6104960677073,1761.835241735131,3.0309975340216825e-05,1054304.6285178026,0.0,10631500.0,4.0
1068.9030369371176,181901.38017087034,-285.4578799632417,1738.9308009831077,1762.2050198092336,3.0330747456057022e-05,1054559.5683842099,0.0,10631500.0,4.0
1069.3830369370407,181764.2967444046,-285.8556168083728,1739.3157690717517,1762.6493633739394,3.0355566984536283e-05,1054865.3425129666,0.0,10631500.0,4.0
1069.863036936964,181627.0224486522,-286.25307611082087,1739.7013942835374,1763.0943720785315,3.0380326005667246e-05,1055170.9240273163,0.0,10631500.0,4.0
1070.343036936887,181489.5574169316,-286.6502571808263,1740.0876768114297,1763.5400457411884,3.0404947533392584e-05,1055476.3259312946,0.0,10631500.0,4.0
1070.8230369368102,181351.90178291325,-287.047159233094,1740.4746168510035,1763.986384166963,3.0429479281668365e-05,1055781.561169916,0.0,10631500.0,4.0
1071.3030369367334,181214.05568062735,-287.4437815595462,1740.8622145941883,1764.43338716967,3.045393203347222e-05,1056086.6378862024,0.0,10631500.0,4.0
1071.7030369366694,181099.03852908732,-287.7740858840974,1741.1857152713405,1764.8063971924505,3.0474229389951705e-05,1056340.7040568078,0.0,10631500.0,4.0
1072.1830369365925,180960.8435843729,-288.17019326516913,1741.5745193177606,1765.2546180716747,3.0498486223854512e-05,1056645.3986383802,0.0,10631500.0,4.0
1072.5830369365285,180845.535919772,-288.5000673897159,1741.899025521892,1765.628642721336,3.0518658510514125e-05,1056899.2235846901,0.0,10631500.0,4.0
1073.0630369364517,180706.99258665834,-288.89565738556144,1742.2890365224282,1766.0780808453762,3.0542748925780536e-05,1057203.5737071019,0.0,10631500.0,4.0
1073.4630369363877,180591.3947882501,-289.2250992869225,1742.6145487916235,1766.453119592412,3.056273915042978e-05,1057457.1137603018,0.0,10631500.0,4.0
1073.9430369363108,180452.50352303253,-289.62016925427326,1743.00576740321,1766.903774301172,3.0586654686793806e-05,1057761.1663330744,0.0,10631500.0,4.0
1074.423036936234,180313.42266974598,-290.01495444213344,1743.397644987834,1767.3550923199327,3.061046608899805e-05,1058065.0458130273,0.0,10631500.0,4.0
1074.9030369361572,180174.1523652299,-290.4094541821163,1743.7901817321865,1767.8070734624655,3.063417193504483e-05,1058368.7398750368,0.0,10631500.0,4.0
1075.3830369360803,180034.6927466119,-290.8036676902768,1744.1833778319137,1768.2597175322583,3.065777927434863e-05,1058672.2473523975,0.0,10631500.0,4.0
1075.7830369360163,179918.3318820172,-291.1319597159468,1744.5115450607889,1768.6374271790214,3.067740433250355e-05,1058925.012689472,0.0,10631500.0,4.0
1076.2630369359395,179778.5255449895,-291.5256463288488,1744.9059504841127,1769.091286085124,3.0700835424990756e-05,1059228.2120738456,0.0,10631500.0,4.0
1076.7430369358626,179638.5302845321,-291.9190445519355,1745.3010158050504,1769.5458073591244,3.0724174607590884e-05,1059531.194529867,0.0,10631500.0,4.0
1077.2230369357858,179498.3462391604,-292.312153491937,1745.6967412227586,1770.0009907892293,3.074741578391297e-05,1059834.0239001906,0.0,10631500.0,4.0
1077.6230369357218,179381.3820909314,-292.6395227560896,1746.0270167783501,1770.380815982487,3.0766734010954715e-05,1060086.2103486604,0.0,10631500.0,4.0
1078.103036935645,179240.85230116604,-293.0320994066035,1746.4239528661606,1770.8372128536569,3.078979125174521e-05,1060388.7085725754,0.0,10631500.0,4.0
1078.583036935568,179100.13412119052,-293.4243846836828,1746.8215495888253,1771.2942713267332,3.081275880872773e-05,1060690.9891208468,0.0,10631500.0,4.0
1079.0630369354913,178959.2276910384,-293.8163776811964,1747.2198071411008,1771.7519911827064,3.0835641421144746e-05,1060993.0905836774,0.0,10631500.0,4.0
1079.5430369354144,178818.13315110002,-294.2080776465591,1747.61872571025,1772.2103722204092,3.085841502559843e-05,1061295.0164913284,0.0,10631500.0,4.0
1080.0230369353376,178676.85064218007,-294.5994837971558,1748.018305488033,1772.669414237975,3.088109951930657e-05,1061596.7499205605,0.0,10631500.0,4.0
1080.4230369352736,178558.9717324793,-294.92543057719377,1748.3517938654986,1773.0524540221168,3.089991564944524e-05,1061848.072560645,0.0,10631500.0,4.0
1080.9030369351967,178417.34498059552,-295.3162961202505,1748.7525863569642,1773.512707325311,3.092239376825568e-05,1062149.4594637312,0.0,10631500.0,4.0
1081.38303693512,178275.53066061542,-295.70686557854185,1749.154040594834,1773.9736210213273,3.094480502777608e-05,1062450.6865717513,0.0,10631500.0,4.0
1081.863036935043,178133.52891477605,-296.0971382296441,1749.5561567693776,1774.4351949162358,3.0967100990766494e-05,1062751.7504473524,0.0,10631500.0,4.0
1082.263036934979,178015.0510569103,-296.42213803401535,1749.8917593664353,1774.8203439827973,3.098561246241163e-05,1063002.4528383748,0.0,10631500.0,4.0
1082.7430369349022,177872.7060676345,-296.8118643997343,1750.2950895849463,1775.2831276936142,3.1007709763754514e-05,1063303.13005447,0.0,10631500.0,4.0
1083.2230369348254,177730.17405754724,-297.2012916809915,1750.6990822771552,1775.7465710125766,3.102976017174821e-05,1063603.6426707383,0.0,10631500.0,4.0
1083.7030369347485,177587.4551703307,-297.59041902695833,1751.1037376304744,1776.2106737209012,3.105168846834983e-05,1063903.969313394,0.0,10631500.0,4.0
1084.1830369346717,177444.5495500511,-297.9792457328092,1751.5090558334855,1776.6754356252584,3.107351175925493e-05,1064204.1097412568,0.0,10631500.0,4.0
1084.6630369345949,177301.45734118926,-298.36777088376596,1751.915037068915,1777.1408564912138,3.109525303224512e-05,1064504.047098903,0.0,10631500.0,4.0
1085.143036934518,177158.17868859635,-298.75599376100547,1752.321681531379,1777.6069361287623,3.111688843971747e-05,1064803.8143767882,0.0,10631500.0,4.0
1085.6230369344412,177014.71373750526,-299.1439135022722,1752.7289894032474,1778.0736743116083,3.113842469042635e-05,1065103.3864108992,0.0,10631500.0,4.0
1086.1030369343644,176871.06263354607,-299.53152928518864,1753.1369608726532,1778.5410708256716,3.115987362821996e-05,1065402.7839546644,0.0,10631500.0,4.0
1086.5030369343003,176751.2112854818,-299.8543096932417,1753.477444146451,1778.9310706634983,3.117767801729136e-05,1065652.1393718065,0.0,10631500.0,4.0
1086.9830369342235,176607.21928079624,-300.2413662225821,1753.886632693169,1779.3996735784197,3.119889708255031e-05,1065951.1594349216,0.0,10631500.0,4.0
1087.4630369341467,176463.04153793724,-300.62811654844404,1754.2964853681206,1779.868934229261,3.122009073237998e-05,1066250.0043019305,0.0,10631500.0,4.0
1087.9430369340698,176318.6782040262,-301.0145597890248,1754.7070023519357,1780.3388523839772,3.124115186175011e-05,1066548.7028782144,0.0,10631500.0,4.0
1088.423036933993,176174.12942661217,-301.40069511766035,1755.1181838304208,1780.8094278247754,3.126209808742604e-05,1066847.171207284,0.0,10631500.0,4.0
1088.9030369339162,176029.3953535942,-301.7865218100361,1755.530029988471,1781.2806603501654,3.128297408492155e-05,1067145.463515359,0.0,10631500.0,4.0
1089.3030369338521,175908.64218780876,-302.10780768354516,1755.8737429927849,1781.6738558992356,3.130027858194832e-05,1067393.9036941836,0.0,10631500.0,4.0
1089.7830369337753,175763.56879162777,-302.49306627114015,1756.2868082096043,1782.1462924892544,3.1320948364529904e-05,1067691.8203588363,0.0,10631500.0,4.0
1090.2630369336985,175618.31052103837,-302.87801394065934,1756.7005386272274,1782.619385550889,3.13415647275026e-05,1067989.5976121018,0.0,10631500.0,4.0
1090.7430369336216,175472.86752546218,-303.26264962307243,1757.1149344273022,1783.0931348204638,3.136205362710666e-05,1068287.1643877986,0.0,10631500.0,4.0
1091.2230369335448,175327.23995474202,-303.64697274128,1757.5299957954517,1783.5675401216808,3.1382452794659404e-05,1068584.5412756845,0.0,10631500.0,4.0
1091.703036933468,175181.4279590645,-304.0309823591192,1757.9457229135521,1784.0426012134078,3.140274992918351e-05,1068881.711513766,0.0,10631500.0,4.0
1092.1830369333911,175035.4316890426,-304.41467765159393,1758.3621159662284,1784.5183178759908,3.142293082032205e-05,1069178.716107279,0.0,10631500.0,4.0
1092.6630369333143,174889.25129567285,-304.7980578220245,1758.7791751302914,1784.994689886798,3.1443020539555825e-05,1069475.517785443,0.0,10631500.0,4.0
1093.0630369332503,174767.2937606416,-305.11729990550225,1759.1272334039652,1785.392167005645,3.145968881521192e-05,1069722.7010611643,0.0,10631500.0,4.0
1093.6230369331606,174596.33874496224,-305.56386916459064,1759.615292522004,1785.949399007747,3.148292266356512e-05,1070068.5727697185,0.0,10631500.0,4.0
1094.1030369330838,174449.6068916875,-305.94629870656445,1760.0343511168705,1786.4277356791206,3.150271967286393e-05,1070364.7759366308,0.0,10631500.0,4.0
1094.5030369330198,174327.19015556085,-306.3284097353337,1760.4540765400998,1786.8268494966733,3.151914381757008e-05,1070611.5013152151,0.0,10631500.0,4.0
1095.0630369329301,174155.5927924479,-306.71020146307626,1760.8744689883458,1787.3863721133462,3.1542015913000325e-05,1070956.652466971,0.0,10631500.0,4.0
1095.5430369328533,174008.31085288688,-307.0916730164032,1761.2955286300157,1787.8666714294163,3.1561537298055926e-05,1071252.325201198,0.0,10631500.0,4.0
1096.0230369327764,173860.84585834108,-307.4728233973166,1761.7172556448004,1788.3476244747733,3.1580929303986966e-05,1071547.784764437,0.0,10631500.0,4.0
1096.5030369326996,173713.19796310645,-307.85365183334306,1762.1396502103216,1788.8292310308661,3.16002279884402e-05,1071843.0721132585,0.0,10631500.0,4.0
1096.9830369326228,173565.36732181872,-308.2341575457933,1762.562712507161,1789.3114908809384,3.1619463304508734e-05,1072138.1334332584,0.0,10631500.0,4.0
1097.463036932546,173417.3540895551,-308.61433962746844,1762.9864427198593,1789.794403789922,3.163856560016736e-05,1072433.0055801405,0.0,10631500.0,4.0
1097.943036932469,173269.15842176334,-308.9941973222925,1763.410841017389,1790.2779695333636,3.165758261848399e-05,1072727.7128517565,0.0,10631500.0,4.0
1098.343036932405,173145.52278391132,-309.3104969093265,1763.7650167338438,1790.6814394951523,3.167335900282538e-05,1072973.1274636018,0.0,10631500.0,4.0
1098.8230369323283,172996.99305612233,-309.689757473335,1764.1906403117823,1791.1662014585888,3.169218456510349e-05,1073267.4667201159,0.0,10631500.0,4.0
1099.3030369322514,172848.28133555397,-310.06869110081857,1764.6169324727985,1791.6516155689094,3.1710918142682386e-05,1073561.6074853472,0.0,10631500.0,4.0
1099.7830369321746,172699.3877792554,-310.44729699276616,1765.043893399297,1792.1376816071538,3.172954699430145e-05,1073855.5331078626,0.0,10631500.0,4.0
1100.2630369320977,172550.31254469545,-310.82557420126443,1765.4715232553328,1792.624399310422,3.174811455565187e-05,1074149.3006008158,0.0,10631500.0,4.0
1100.743036932021,172401.05578976963,-311.203521932591,1765.8998222292773,1793.1117684663836,3.176651753359044e-05,1074442.8564794974,0.0,10631500.0,4.0
1101.223036931944,172251.61767274607,-311.5811393890159,1766.3287904906585,1793.599788843417,3.178485173591165e-05,1074736.216833857,0.0,10631500.0,4.0
1101.7030369318672,172101.99835231318,-311.95842548458756,1766.7584282044638,1794.0884601552764,3.180309803525082e-05,1075029.3935930722,0.0,10631500.0,4.0
1102.1830369317904,171952.19798766403,-312.3353795830534,1767.188735550683,1794.5777822085372,3.182125185978408e-05,1075322.321320506,0.0,10631500.0,4.0
1102.6630369317136,171802.21673830657,-312.71200065616324,1767.6197127047096,1795.067754737035,3.1839290851406684e-05,1075615.1056146955,0.0,10631500.0,4.0
1103.1430369316367,171652.0547642575,-313.08828783672993,1768.0513598291625,1795.5583774899344,3.185721067053147e-05,1075907.6810581824,0.0,10631500.0,4.0
1103.62303693156,171501.71222587745,-313.46424030071773,1768.4836771037199,1796.0496502406609,3.1875065157263315e-05,1076200.051408908,0.0,10631500.0,4.0
1104.103036931483,171351.1892839953,-313.8398571657792,1768.9166646980177,1796.541572742528,3.189283805020465e-05,1076492.236675482,0.0,10631500.0,4.0
1104.5830369314062,171200.4860998398,-314.2151374779204,1769.3503227792264,1797.0341447338226,3.19104579992252e-05,1076784.2325475058,0.0,10631500.0,4.0
1105.0630369313294,171049.60283504997,-314.59008041378627,1769.7846515186552,1797.527365979656,3.192799138784882e-05,1077075.9900956561,0.0,10631500.0,4.0
1105.4630369312654,170923.7293364408,-314.9022745578578,1770.1471045744631,1797.938879482578,3.1942559822482506e-05,1077318.9970090766,0.0,10631500.0,4.0
1105.9430369311885,170772.51634515205,-315.27659671526226,1770.5826633065174,1798.433290405279,3.1959920843115535e-05,1077610.4316321132,0.0,10631500.0,4.0
1106.4230369311117,170621.12373362132,-315.65057892435266,1771.018893173331,1798.9283498661555,3.1977199736251006e-05,1077901.6513416374,0.0,10631500.0,4.0
1106.8230369310477,170494.8261318641,-315.96197053220703,1771.3829308634188,1799.341394671081,3.199151971657624e-05,1078144.1771532525,0.0,10631500.0,4.0
1107.2230369309837,170368.40400191408,-316.27312492759427,1771.7474348283768,1799.754889525904,3.200576163467308e-05,1078386.5766956639,0.0,10631500.0,4.0
1107.7030369309068,170216.53320245142,-316.64619643359526,1772.1854552228322,1800.2516772438291,3.2022756688618596e-05,1078677.2532291177,0.0,10631500.0,4.0
1108.18303693083,170064.48338356533,-317.01892473934265,1772.6241473691289,1800.7491125859315,3.203965280708973e-05,1078967.7621930542,0.0,10631500.0,4.0
1108.6630369307532,169912.25471011526,-317.3913090505166,1773.0635114389381,1801.247195322446,3.2056471448972945e-05,1079258.062988512,0.0,10631500.0,4.0
1109.0630369306891,169785.2609764292,-317.70136577217806,1773.4301615542731,1801.6627585993785,3.2070404183929635e-05,1079499.8120132256,0.0,10631500.0,4.0
1109.6230369305995,169607.261461052,-318.1350417093055,1773.9442559900513,1802.2453018730491,3.208978938978283e-05,1079838.03119705,0.0,10631500.0,4.0
1110.1030369305226,169454.49721737672,-318.5063883410073,1774.3856368041004,1802.7453251945283,3.210631199904542e-05,1080127.730065752,0.0,10631500.0,4.0
1110.5830369304458,169301.5547829466,-318.87738721724565,1774.8276901921693,1803.2459948524404,3.2122744909293904e-05,1080417.2157440989,0.0,10631500.0,4.0
1111.063036930369,169148.4343247841,-319.2480375707835,1775.2704163282426,1803.7473106239265,3.213901412142884e-05,1080706.5037255823,0.0,10631500.0,4.0
1111.463036930305,169020.69807344372,-319.5566458356045,1775.6398687889193,1804.1655671058663,3.21525439256455e-05,1080947.4144281894,0.0,10631500.0,4.0
1111.9430369302281,168867.25167372276,-319.9266546645248,1776.0838287092254,1804.6680667001494,3.216868092339927e-05,1081236.3559013195,0.0,10631500.0,4.0
1112.4230369301513,168713.6277259863,-320.2963123736811,1776.5284618261753,1805.1712116579565,3.21847132012384e-05,1081525.0393239504,0.0,10631500.0,4.0
1112.9030369300744,168559.82639888977,-320.6656179824961,1776.973768307805,1805.6750017126938,3.220063475886144e-05,1081813.551873608,0.0,10631500.0,4.0
1113.3030369300104,168431.52325013897,-320.9731029730299,1777.3453715259702,1806.0953193330977,3.2213845398361475e-05,1082053.8392423966,0.0,10631500.0,4.0
1113.7830369299336,168277.39716711978,-321.3417606042616,1777.7919129159957,1806.6002913588168,3.222957564678636e-05,1082341.9631906664,0.0,10631500.0,4.0
1114.2630369298568,168123.09418512695,-321.71006363783556,1778.2391281296225,1807.105907758884,3.224523317179884e-05,1082629.8958897884,0.0,10631500.0,4.0
1114.74303692978,167968.614474567,-322.07801101612995,1778.6870173148714,1807.6121682331582,3.226082882527084e-05,1082917.6241478568,0.0,10631500.0,4.0
1115.223036929703,167813.95820628945,-322.4456018317534,1779.1355806282884,1808.1190725165748,3.227624985119726e-05,1083205.1642450367,0.0,10631500.0,4.0
1115.7030369296263,167659.1255515949,-322.8128351295153,1779.5848182327209,1808.6266203417283,3.2291623454266945e-05,1083492.4917215463,0.0,10631500.0,4.0
1116.1830369295494,167504.11668222595,-323.1797099999977,1780.034730288836,1809.1348114472098,3.230686576049917e-05,1083779.6105862015,0.0,10631500.0,4.0
1116.6630369294726,167348.93177040596,-323.54622555730066,1780.4853169470841,1809.6436455657602,3.2322012038165115e-05,1084066.5199473384,0.0,10631500.0,4.0
1117.1430369293957,167193.57098873972,-323.9123808337131,1780.9365783699816,1810.1531224273658,3.233708688624501e-05,1084353.2398405594,0.0,10631500.0,4.0
1117.623036929319,167038.0345102948,-324.2781748877936,1781.3885147064568,1810.663241753318,3.235206295029643e-05,1084639.7063959476,0.0,10631500.0,4.0
1118.103036929242,166882.32250860333,-324.64360675728835,1781.8411261012886,1811.1740032570833,3.2366880232447784e-05,1084926.0259953332,0.0,10631500.0,4.0
1118.5830369291652,166726.43515771045,-325.0086755277732,1782.294412727671,1811.6854066886422,3.2381660240023997e-05,1085212.111362401,0.0,10631500.0,4.0
1119.0630369290884,166570.37263203005,-325.37338033283777,1782.7483747283447,1812.1974517766469,3.239631163907866e-05,1085497.98992357,0.0,10631500.0,4.0
1119.4630369290244,166440.18683936656,-325.67702217923306,1783.1271924163295,1812.6246459512997,3.240846405967485e-05,1085736.0586285805,0.0,10631500.0,4.0
1119.9430369289475,166283.80361438578,-326.0410570851535,1783.5823929976468,1813.137866660011,3.242296475073666e-05,1086021.5572056791,0.0,10631500.0,4.0
1120.3430369288835,166153.35081809224,-326.3441394237133,1783.9622430536926,1813.5660401477985,3.243494893272973e-05,1086259.3204351899,0.0,10631500.0,4.0
1120.8230369288067,165996.6474844924,-326.7075012965589,1784.4186827215494,1814.0804355510675,3.2449234087110095e-05,1086544.437911833,0.0,10631500.0,4.0
1121.3030369287299,165839.769796093,-327.0704947242647,1784.8757984864887,1814.595471321902,3.246342494152949e-05,1086829.3586485223,0.0,10631500.0,4.0
1121.783036928653,165682.71792989748,-327.43311872121546,1785.3335904718242,1815.1111471484373,3.247756285068208e-05,1087114.0706887718,0.0,10631500.0,4.0
1122.183036928589,165551.70845039038,-327.7350225150808,1785.7156004679646,1815.5413657467636,3.248919715238661e-05,1087351.1678050724,0.0,10631500.0,4.0
1122.6630369285122,165394.33771956863,-328.0969667351184,1786.174632593454,1816.058214293018,3.2503109835048524e-05,1087635.468885679,0.0,10631500.0,4.0
1123.1430369284353,165236.79331509816,-328.4585388373629,1786.6343413689706,1816.5757021093589,3.2516968599254803e-05,1087919.5878387457,0.0,10631500.0,4.0
1123.6230369283585,165079.07541565807,-328.81973778114013,1787.0947269299982,1817.0938288859666,3.2530664043302017e-05,1088203.4852930515,0.0,10631500.0,4.0
1124.1030369282817,164921.18420055066,-329.18056271165824,1787.5557894446679,1817.6125943787674,3.254429337538607e-05,1088487.1680618885,0.0,10631500.0,4.0
1124.5830369282048,164763.1198495503,-329.54101257382865,1788.0175290322643,1818.13199825943,3.255778218473626e-05,1088770.6401974545,0.0,10631500.0,4.0
1125.063036928128,164604.88254263764,-329.90108642671464,1788.479945853399,1818.6520402609465,3.257122686308649e-05,1089053.9207788722,0.0,10631500.0,4.0
1125.5430369280512,164446.47246066015,-330.2607832774256,1788.9430400416948,1819.1727200803775,3.258460450723751e-05,1089336.9864840112,0.0,10631500.0,4.0
1126.0230369279743,164287.88978457986,-330.62010217291765,1789.4068117426004,1819.6940374336696,3.259781456916531e-05,1089619.8246456347,0.0,10631500.0,4.0
1126.5030369278975,164129.1346959985,-330.979042164651,1789.8712611056383,1820.2159920416361,3.261091227144098e-05,1089902.4701651055,0.0,10631500.0,4.0
1126.9830369278206,163970.20737703156,-331.33760227866946,1790.3363882742544,1820.7385836145395,3.26239882937041e-05,1090184.895375877,0.0,10631500.0,4.0
1127.4630369277438,163811.10801006574,-331.6957815291664,1790.8021933718426,1821.2618118408036,3.26369143179226e-05,1090467.0850671686,0.0,10631500.0,4.0
1127.943036927667,163651.83677817602,-332.0535788667055,1791.2686765619496,1821.7856764367718,3.264973948505451e-05,1090749.0766049512,0.0,10631500.0,4.0
1128.4230369275901,163492.39386471675,-332.4109933901717,1791.7358379697605,1822.3101771081235,3.266244636768509e-05,1091030.8626429546,0.0,10631500.0,4.0
1128.9030369275133,163332.77945372777,-332.76802408544916,1792.2036777292835,1822.835313548677,3.267512715807679e-05,1091312.442815512,0.0,10631500.0,4.0
1129.3830369274365,163172.99372953817,-333.12466997864885,1792.6721959894085,1823.36108547426,3.268763489909824e-05,1091593.7851667427,0.0,10631500.0,4.0
1129.8630369273596,163013.03687698487,-333.4809300917764,1793.1413928831953,1823.8874925844418,3.270006328164044e-05,1091874.9367430257,0.0,10631500.0,4.0
1130.3430369272828,162852.9090814503,-333.8368033412162,1793.6112685382957,1824.414534554205,3.2712426285534014e-05,1092155.838515706,0.0,10631500.0,4.0
1130.823036927206,162692.61052880064,-334.1922888697379,1794.0818231017822,1824.9422111190834,3.272466090435304e-05,1092436.5556236443,0.0,10631500.0,4.0
1131.3030369271291,162532.1414052404,-334.54738556724794,1794.5530566979594,1825.4705219460188,3.27367979415632e-05,1092717.0458974198,0.0,10631500.0,4.0
1131.7830369270523,162371.50189762574,-334.9020924751545,1795.0249694595843,1825.9994667380433,3.274885661542718e-05,1092997.3394180967,0.0,10631500.0,4.0
1132.2630369269755,162210.6921931787,-335.25640856688017,1795.497561526729,1826.5290451929839,3.2760806356783006e-05,1093277.3975420971,0.0,10631500.0,4.0
1132.6630369269114,162076.55423013296,-335.55137274546246,1795.8919072545305,1826.9708444016503,3.277065262002254e-05,1093510.6277185269,0.0,10631500.0,4.0
1133.1430369268346,161915.43298616516,-335.9049697976968,1796.365745048032,1827.50158377955,3.2782417783116444e-05,1093790.272728832,0.0,10631500.0,4.0
1133.6230369267578,161754.14207852865,-336.25817311744015,1796.840262499018,1828.0329559189622,3.279410856156024e-05,1094069.7273942172,0.0,10631500.0,4.0
1134.103036926681,161592.68169641006,-336.61098186365075,1797.3154597637395,1828.564960567973,3.280566595845967e-05,1094348.9643954954,0.0,10631500.0,4.0
